name	normalname	country	latitude	longitude	population
Dongola	Dongola	SD	19.18163	30.47689	13473
Ciutat de Dongola	Dongola	SD	19.18163	30.47689	13473
DOG	Dongola	SD	19.18163	30.47689	13473
Donkola	Dongola	SD	19.18163	30.47689	13473
Donqola	Dongola	SD	19.18163	30.47689	13473
Dunkula	Dongola	SD	19.18163	30.47689	13473
Dunqula	Dongola	SD	19.18163	30.47689	13473
Dunqulah	Dongola	SD	19.18163	30.47689	13473
Dunqulā	Dongola	SD	19.18163	30.47689	13473
Gorad Dangola	Dongola	SD	19.18163	30.47689	13473
Nton'nkola	Dongola	SD	19.18163	30.47689	13473
dnqla	Dongola	SD	19.18163	30.47689	13473
dnqlh	Dongola	SD	19.18163	30.47689	13473
dong gu la	Dongola	SD	19.18163	30.47689	13473
dong-golla	Dongola	SD	19.18163	30.47689	13473
dongola	Dongola	SD	19.18163	30.47689	13473
dongora	Dongola	SD	19.18163	30.47689	13473
Ντόνγκολα	Dongola	SD	19.18163	30.47689	13473
Горад Дангола	Dongola	SD	19.18163	30.47689	13473
Донгола	Dongola	SD	19.18163	30.47689	13473
دنقلا	Dongola	SD	19.18163	30.47689	13473
دنقله	Dongola	SD	19.18163	30.47689	13473
डोंगोला	Dongola	SD	19.18163	30.47689	13473
ドンゴラ	Dongola	SD	19.18163	30.47689	13473
棟古拉	Dongola	SD	19.18163	30.47689	13473
동골라	Dongola	SD	19.18163	30.47689	13473
Zalingei	Zalingei	SD	12.90918	23.47058	28687
ZLX	Zalingei	SD	12.90918	23.47058	28687
Zalingee	Zalingei	SD	12.90918	23.47058	28687
Zalinjay	Zalingei	SD	12.90918	23.47058	28687
Zalinje	Zalingei	SD	12.90918	23.47058	28687
Zalinji	Zalingei	SD	12.90918	23.47058	28687
Zālinjī	Zalingei	SD	12.90918	23.47058	28687
zalnjy	Zalingei	SD	12.90918	23.47058	28687
zalnjy (mdynt)	Zalingei	SD	12.90918	23.47058	28687
Залингее	Zalingei	SD	12.90918	23.47058	28687
زالنجي	Zalingei	SD	12.90918	23.47058	28687
زالنجي (مدينة)	Zalingei	SD	12.90918	23.47058	28687
Wagar	Wagar	SD	16.1525	36.2032	11950
Wagga	Wagar	SD	16.1525	36.2032	11950
Wad Rāwah	Wad Rāwah	SD	15.16028	33.13972	10348
Hillet Sa`id	Wad Rāwah	SD	15.16028	33.13972	10348
Hillet Sa‘id	Wad Rāwah	SD	15.16028	33.13972	10348
Wad Rawa	Wad Rāwah	SD	15.16028	33.13972	10348
Wad Rawah	Wad Rāwah	SD	15.16028	33.13972	10348
Wad Rāwa	Wad Rāwah	SD	15.16028	33.13972	10348
Wad Medani	Wad Medani	SD	14.40118	33.51989	332714
DNI	Wad Medani	SD	14.40118	33.51989	332714
Medani	Wad Medani	SD	14.40118	33.51989	332714
Wad Madani	Wad Medani	SD	14.40118	33.51989	332714
wd mdny	Wad Medani	SD	14.40118	33.51989	332714
ود مدني	Wad Medani	SD	14.40118	33.51989	332714
Wad az Zāki	Wad az Zāki	SD	14.4619	32.2065	9271
Wad az Zaki	Wad az Zāki	SD	14.4619	32.2065	9271
Wad ez Zaki	Wad az Zāki	SD	14.4619	32.2065	9271
Umm Ruwaba	Umm Ruwaba	SD	12.9061	31.2158	55742
Um Ruaba	Umm Ruwaba	SD	12.9061	31.2158	55742
Um Ruwwaba	Umm Ruwaba	SD	12.9061	31.2158	55742
Um Ruwwāba	Umm Ruwaba	SD	12.9061	31.2158	55742
Umm Ruwabah	Umm Ruwaba	SD	12.9061	31.2158	55742
Umm Ruwābah	Umm Ruwaba	SD	12.9061	31.2158	55742
Umm Kaddadah	Umm Kaddadah	SD	13.60169	26.68759	10979
Um Kaddada	Umm Kaddadah	SD	13.60169	26.68759	10979
Umm Kaddādah	Umm Kaddadah	SD	13.60169	26.68759	10979
Umm Keddada	Umm Kaddadah	SD	13.60169	26.68759	10979
Um Jar Al Gharbiyya	Um Jar Al Gharbiyya	SD	13.8013	32.4078	9038
Umm Garr	Um Jar Al Gharbiyya	SD	13.8013	32.4078	9038
Umm Jarr	Um Jar Al Gharbiyya	SD	13.8013	32.4078	9038
Omdurman	Omdurman	SD	15.64453	32.47773	1200000
Omdoerman	Omdurman	SD	15.64453	32.47773	1200000
Omdourman	Omdurman	SD	15.64453	32.47773	1200000
Omdurmana	Omdurman	SD	15.64453	32.47773	1200000
Omdurmanas	Omdurman	SD	15.64453	32.47773	1200000
Omdurmán	Omdurman	SD	15.64453	32.47773	1200000
Omdurmāna	Omdurman	SD	15.64453	32.47773	1200000
Umm Durman	Omdurman	SD	15.64453	32.47773	1200000
Umm Durmán	Omdurman	SD	15.64453	32.47773	1200000
Umm Durmān	Omdurman	SD	15.64453	32.47773	1200000
am drman	Omdurman	SD	15.64453	32.47773	1200000
ama daramana	Omdurman	SD	15.64453	32.47773	1200000
en tu man	Omdurman	SD	15.64453	32.47773	1200000
omduleuman	Omdurman	SD	15.64453	32.47773	1200000
omdurman	Omdurman	SD	15.64453	32.47773	1200000
omdurmani	Omdurman	SD	15.64453	32.47773	1200000
omudo~uruman	Omdurman	SD	15.64453	32.47773	1200000
xxm de xr man	Omdurman	SD	15.64453	32.47773	1200000
Омдурман	Omdurman	SD	15.64453	32.47773	1200000
Омдурман қаласы	Omdurman	SD	15.64453	32.47773	1200000
אומדורמאן	Omdurman	SD	15.64453	32.47773	1200000
أم درمان	Omdurman	SD	15.64453	32.47773	1200000
ام درمان	Omdurman	SD	15.64453	32.47773	1200000
ਅਮ ਦਰਮਾਨ	Omdurman	SD	15.64453	32.47773	1200000
ออมเดอร์มาน	Omdurman	SD	15.64453	32.47773	1200000
ომდურმანი	Omdurman	SD	15.64453	32.47773	1200000
オムドゥルマン	Omdurman	SD	15.64453	32.47773	1200000
恩图曼	Omdurman	SD	15.64453	32.47773	1200000
옴두르만	Omdurman	SD	15.64453	32.47773	1200000
Tokār	Tokār	SD	18.4254	37.729	22250
Tawkar	Tokār	SD	18.4254	37.729	22250
Tokar	Tokār	SD	18.4254	37.729	22250
Ţawkar	Tokār	SD	18.4254	37.729	22250
Tandaltī	Tandaltī	SD	13.01667	31.86667	27275
Tandalti	Tandaltī	SD	13.01667	31.86667	27275
Tendelti	El Fasher	SD	13.62793	25.34936	252609
Talodi	Talodi	SD	10.63246	30.3797	13188
Talawdi	Talodi	SD	10.63246	30.3797	13188
Talawdī	Talodi	SD	10.63246	30.3797	13188
Singa	Singa	SD	13.1483	33.93117	250000
Senga	Singa	SD	13.1483	33.93117	250000
Sinja	Singa	SD	13.1483	33.93117	250000
Sinjah	Singa	SD	13.1483	33.93117	250000
snjt	Singa	SD	13.1483	33.93117	250000
سنجة	Singa	SD	13.1483	33.93117	250000
Shendi	Shendi	SD	16.6915	33.4341	53568
Shandi	Shendi	SD	16.6915	33.4341	53568
Shindi	Shendi	SD	16.6915	33.4341	53568
Shindî	Shendi	SD	16.6915	33.4341	53568
Sawākin	Sawākin	SD	19.1059	37.3321	28570
Savakine	Sawākin	SD	19.1059	37.3321	28570
Sawakin	Sawākin	SD	19.1059	37.3321	28570
Suakin	Sawākin	SD	19.1059	37.3321	28570
Савакине	Sawākin	SD	19.1059	37.3321	28570
Sinnar	Sinnar	SD	13.56907	33.56718	130122
Sannar	Sinnar	SD	13.56907	33.56718	130122
Sannār	Sinnar	SD	13.56907	33.56718	130122
Sennaar	Sinnar	SD	13.56907	33.56718	130122
Sennar	Sinnar	SD	13.56907	33.56718	130122
Sennār	Sinnar	SD	13.56907	33.56718	130122
Rabak	Rabak	SD	13.18087	32.73999	135281
KST	Kosti	SD	13.1629	32.66347	345068
Rabaq	Rabak	SD	13.18087	32.73999	135281
rbk	Kosti	SD	13.1629	32.66347	345068
ربك	Kosti	SD	13.1629	32.66347	345068
Nyala	Nyala	SD	12.04888	24.88069	0
N'jala	Nyala	SD	12.04888	24.88069	0
Niala	Nyala	SD	12.04888	24.88069	0
Nijala	Nyala	SD	12.04888	24.88069	0
Niyala	Nyala	SD	12.04888	24.88069	0
Niyālā	Nyala	SD	12.04888	24.88069	0
Njala	Nyala	SD	12.04888	24.88069	0
Njalo	Nyala	SD	12.04888	24.88069	0
Nyāla	Nyala	SD	12.04888	24.88069	0
UYL	Nyala	SD	12.04888	24.88069	0
ni ya la	Nyala	SD	12.04888	24.88069	0
nialla	Nyala	SD	12.04888	24.88069	0
nyala	Nyala	SD	12.04888	24.88069	0
nyalh	Nyala	SD	12.04888	24.88069	0
nyara	Nyala	SD	12.04888	24.88069	0
Ньяла	Nyala	SD	12.04888	24.88069	0
نيالا	Nyala	SD	12.04888	24.88069	0
نیاله	Nyala	SD	12.04888	24.88069	0
ニャラ	Nyala	SD	12.04888	24.88069	0
尼亚拉	Nyala	SD	12.04888	24.88069	0
니알라	Nyala	SD	12.04888	24.88069	0
Merowe	Merowe	SD	18.47036	31.81126	10234
MWE	Merowe	SD	18.47036	31.81126	10234
Marawi	Merowe	SD	18.47036	31.81126	10234
Marawī	Merowe	SD	18.47036	31.81126	10234
Merawi	Merowe	SD	18.47036	31.81126	10234
Kutum	Kutum	SD	14.2	24.66667	9849
Kosti	Kosti	SD	13.1629	32.66347	345068
Costi	Kosti	SD	13.1629	32.66347	345068
Kusti	Kosti	SD	13.1629	32.66347	345068
Kūstī	Kosti	SD	13.1629	32.66347	345068
Кусти	Kosti	SD	13.1629	32.66347	345068
Kurmuk	Kurmuk	SD	10.55	34.28333	10375
Kurmul	Kurmuk	SD	10.55	34.28333	10375
Kuraymah	Kuraymah	SD	18.55	31.85	19593
Kareima	Kuraymah	SD	18.55	31.85	19593
Karemah	Kuraymah	SD	18.55	31.85	19593
Karima	Kuraymah	SD	18.55	31.85	19593
Karêmah	Kuraymah	SD	18.55	31.85	19593
Kināna	Kināna	SD	14.0361	33.1712	26233
Kenana	Kināna	SD	14.0361	33.1712	26233
Kinana	Kināna	SD	14.0361	33.1712	26233
Kinanah	Kināna	SD	14.0361	33.1712	26233
Kinānah	Kināna	SD	14.0361	33.1712	26233
Kassala	Kassala	SD	15.45099	36.39998	401477
Cassala	Kassala	SD	15.45099	36.39998	401477
KSL	Kassala	SD	15.45099	36.39998	401477
Kasala	Kassala	SD	15.45099	36.39998	401477
Kassale	Kassala	SD	15.45099	36.39998	401477
Kassalā	Kassala	SD	15.45099	36.39998	401477
Kaszala	Kassala	SD	15.45099	36.39998	401477
Statul Kassala	Kassala	SD	15.45099	36.39998	401477
ka sa la	Kassala	SD	15.45099	36.39998	401477
kasalla	Kassala	SD	15.45099	36.39998	401477
kassara	Kassala	SD	15.45099	36.39998	401477
ksl	Kassala	SD	15.45099	36.39998	401477
ksla	Kassala	SD	15.45099	36.39998	401477
Кассала	Kassala	SD	15.45099	36.39998	401477
Кассале	Kassala	SD	15.45099	36.39998	401477
كسل	Kassala	SD	15.45099	36.39998	401477
کسلا	Kassala	SD	15.45099	36.39998	401477
カッサラ	Kassala	SD	15.45099	36.39998	401477
卡薩拉	Kassala	SD	15.45099	36.39998	401477
카살라	Kassala	SD	15.45099	36.39998	401477
Karmah an Nuzul	Karmah an Nuzul	SD	19.63333	30.41667	3928
Karma An Nuzul	Karmah an Nuzul	SD	19.63333	30.41667	3928
Karmah	Karmah an Nuzul	SD	19.63333	30.41667	3928
Kerma	Karmah an Nuzul	SD	19.63333	30.41667	3928
Kerma en Nuzl	Karmah an Nuzul	SD	19.63333	30.41667	3928
Kermah	Karmah an Nuzul	SD	19.63333	30.41667	3928
Kadugli	Kadugli	SD	11.01111	29.71833	87666
KDX	Kadugli	SD	11.01111	29.71833	87666
Kaduqli	Kadugli	SD	11.01111	29.71833	87666
Kāduqlī	Kadugli	SD	11.01111	29.71833	87666
kadqly	Kadugli	SD	11.01111	29.71833	87666
Кадугли	Kadugli	SD	11.01111	29.71833	87666
كادقلى	Kadugli	SD	11.01111	29.71833	87666
كادقلي	Kadugli	SD	11.01111	29.71833	87666
Gebeit	Gebeit	SD	21.06667	36.31667	11095
Jabet	Gebeit	SD	21.06667	36.31667	11095
Jabēt	Gebeit	SD	21.06667	36.31667	11095
Jalqani	Jalqani	SD	12.4486	34.2186	9472
Galgani	Jalqani	SD	12.4486	34.2186	9472
Doka	Doka	SD	13.51667	35.76667	19821
Dilling	Dilling	SD	12.05	29.65	37113
Ad Dalanj	Dilling	SD	12.05	29.65	37113
Диллинг	Dilling	SD	12.05	29.65	37113
Port Sudan	Port Sudan	SD	19.61745	37.21644	489725
Bur Sudan	Port Sudan	SD	19.61745	37.21644	489725
Burt Sudan	Port Sudan	SD	19.61745	37.21644	489725
Būr Sūdān	Port Sudan	SD	19.61745	37.21644	489725
Būrt Sūdān	Port Sudan	SD	19.61745	37.21644	489725
Gorad Port-Sudan	Port Sudan	SD	19.61745	37.21644	489725
New Sawakin	Port Sudan	SD	19.61745	37.21644	489725
New Sawâkin	Port Sudan	SD	19.61745	37.21644	489725
PZU	Port Sudan	SD	19.61745	37.21644	489725
Port Sodan	Port Sudan	SD	19.61745	37.21644	489725
Port Sudanas	Port Sudan	SD	19.61745	37.21644	489725
Port Szudan	Port Sudan	SD	19.61745	37.21644	489725
Port Szudán	Port Sudan	SD	19.61745	37.21644	489725
Port-Soudan	Port Sudan	SD	19.61745	37.21644	489725
Port-Sudan	Port Sudan	SD	19.61745	37.21644	489725
Port-sudan	Port Sudan	SD	19.61745	37.21644	489725
Porto Sudan	Port Sudan	SD	19.61745	37.21644	489725
Porto Sudao	Port Sudan	SD	19.61745	37.21644	489725
Porto Sudão	Port Sudan	SD	19.61745	37.21644	489725
Puerto Sudan	Port Sudan	SD	19.61745	37.21644	489725
Puerto Sudán	Port Sudan	SD	19.61745	37.21644	489725
Pòrt Sodan	Port Sudan	SD	19.61745	37.21644	489725
Shaikh Barghuth	Port Sudan	SD	19.61745	37.21644	489725
Shaikh Barghūth	Port Sudan	SD	19.61745	37.21644	489725
Shaykh Burghuth	Port Sudan	SD	19.61745	37.21644	489725
Shaykh Burghūth	Port Sudan	SD	19.61745	37.21644	489725
Sheikh Barghuth	Port Sudan	SD	19.61745	37.21644	489725
Sheikh Barghūth	Port Sudan	SD	19.61745	37.21644	489725
Sudanhavenurbo	Port Sudan	SD	19.61745	37.21644	489725
bwr swdan	Port Sudan	SD	19.61745	37.21644	489725
bwrtswdan	Port Sudan	SD	19.61745	37.21644	489725
phxrt sudan	Port Sudan	SD	19.61745	37.21644	489725
poteusudan	Port Sudan	SD	19.61745	37.21644	489725
potosudan	Port Sudan	SD	19.61745	37.21644	489725
su dan gang	Port Sudan	SD	19.61745	37.21644	489725
Горад Порт-Судан	Port Sudan	SD	19.61745	37.21644	489725
Порт Судан	Port Sudan	SD	19.61745	37.21644	489725
Порт-Судан	Port Sudan	SD	19.61745	37.21644	489725
Պորտ Սուդան	Port Sudan	SD	19.61745	37.21644	489725
פורט סודאן	Port Sudan	SD	19.61745	37.21644	489725
بور سودان	Port Sudan	SD	19.61745	37.21644	489725
بورتسودان	Port Sudan	SD	19.61745	37.21644	489725
پورٹ سوڈان	Port Sudan	SD	19.61745	37.21644	489725
พอร์ตซูดาน	Port Sudan	SD	19.61745	37.21644	489725
ポートスーダン	Port Sudan	SD	19.61745	37.21644	489725
苏丹港	Port Sudan	SD	19.61745	37.21644	489725
포트수단	Port Sudan	SD	19.61745	37.21644	489725
Berber	Berber	SD	18.02158	33.98299	22395
Barbar	Berber	SD	18.02158	33.98299	22395
Bārah	Bārah	SD	13.7	30.36667	16969
Bara	Bārah	SD	13.7	30.36667	16969
Barah	Bārah	SD	13.7	30.36667	16969
Bāra	Bārah	SD	13.7	30.36667	16969
Atbara	Atbara	SD	17.70217	33.98638	107930
ATB	Atbara	SD	17.70217	33.98638	107930
Atbarah	Atbara	SD	17.70217	33.98638	107930
Atbare	Atbara	SD	17.70217	33.98638	107930
Madent Atbara	Atbara	SD	17.70217	33.98638	107930
`Atbarah	Atbara	SD	17.70217	33.98638	107930
a te ba la	Atbara	SD	17.70217	33.98638	107930
atobara	Atbara	SD	17.70217	33.98638	107930
Атбара	Atbara	SD	17.70217	33.98638	107930
Атбаре	Atbara	SD	17.70217	33.98638	107930
عطبرة	Atbara	SD	17.70217	33.98638	107930
عطبره	Atbara	SD	17.70217	33.98638	107930
‘Aţbarah	Atbara	SD	17.70217	33.98638	107930
アトバラ	Atbara	SD	17.70217	33.98638	107930
阿特巴拉	Atbara	SD	17.70217	33.98638	107930
As Sūkī	As Sūkī	SD	13.31667	33.88333	33524
As Suki	As Sūkī	SD	13.31667	33.88333	33524
Es Suki	As Sūkī	SD	13.31667	33.88333	33524
Ar Ruseris	Ar Ruseris	SD	11.8659	34.3869	28862
Ar Roseris	Ar Ruseris	SD	11.8659	34.3869	28862
Ar Rusayris	Ar Ruseris	SD	11.8659	34.3869	28862
Ar Ruşayriş	Ar Ruseris	SD	11.8659	34.3869	28862
Er Roseires	Ar Ruseris	SD	11.8659	34.3869	28862
Ruseres	Ar Ruseris	SD	11.8659	34.3869	28862
Ruṣêreṣ	Ar Ruseris	SD	11.8659	34.3869	28862
Ar Rahad	Ar Rahad	SD	12.71667	30.65	26273
Er Rahad	Ar Rahad	SD	12.71667	30.65	26273
Rahad	Ar Rahad	SD	12.71667	30.65	26273
Argo	Argo	SD	19.51667	30.41667	7716
Arqo	Argo	SD	19.51667	30.41667	7716
An Nuhūd	An Nuhūd	SD	12.7	28.43333	108008
An Nahud	An Nuhūd	SD	12.7	28.43333	108008
An Nahūd	An Nuhūd	SD	12.7	28.43333	108008
An Nuhud	An Nuhūd	SD	12.7	28.43333	108008
En Nahud	An Nuhūd	SD	12.7	28.43333	108008
En Nahūd	An Nuhūd	SD	12.7	28.43333	108008
NUD	An Nuhūd	SD	12.7	28.43333	108008
Nahad	An Nuhūd	SD	12.7	28.43333	108008
El Obeid	El Obeid	SD	13.18421	30.21669	393311
Al Obayyid	El Obeid	SD	13.18421	30.21669	393311
Al Ubayd	El Obeid	SD	13.18421	30.21669	393311
Al Ubayyid	El Obeid	SD	13.18421	30.21669	393311
Al Ubayyiḑ	El Obeid	SD	13.18421	30.21669	393311
Al-Ubayyid	El Obeid	SD	13.18421	30.21669	393311
Al-`Obed	El Obeid	SD	13.18421	30.21669	393311
Al-‘Obêd	El Obeid	SD	13.18421	30.21669	393311
EBD	El Obeid	SD	13.18421	30.21669	393311
El Ubeiyad	El Obeid	SD	13.18421	30.21669	393311
`Ubed	El Obeid	SD	13.18421	30.21669	393311
alaby	El Obeid	SD	13.18421	30.21669	393311
Ел Обеид	El Obeid	SD	13.18421	30.21669	393311
الأبي	El Obeid	SD	13.18421	30.21669	393311
‘Ubêd	El Obeid	SD	13.18421	30.21669	393311
Al Qiţena	Al Qiţena	SD	14.8648	32.3668	18321
Al Qitena	Al Qiţena	SD	14.8648	32.3668	18321
Al Qutaynah	Al Qiţena	SD	14.8648	32.3668	18321
Al Quţaynah	Al Qiţena	SD	14.8648	32.3668	18321
El Geteina	Al Qiţena	SD	14.8648	32.3668	18321
El Qeteina	Al Qiţena	SD	14.8648	32.3668	18321
Al Qadarif	Al Qadarif	SD	14.03493	35.38344	363945
Al Qaḑārif	Al Qadarif	SD	14.03493	35.38344	363945
Al-Kadarif	Al Qadarif	SD	14.03493	35.38344	363945
Al-Qadarif	Al Qadarif	SD	14.03493	35.38344	363945
Al-Qaḑārif	Al Qadarif	SD	14.03493	35.38344	363945
El Gedaref	Al Qadarif	SD	14.03493	35.38344	363945
El-Gadarif	Al Qadarif	SD	14.03493	35.38344	363945
GSU	Al Qadarif	SD	14.03493	35.38344	363945
Gadaref	Al Qadarif	SD	14.03493	35.38344	363945
Gadarif	Al Qadarif	SD	14.03493	35.38344	363945
Gedaref	Al Qadarif	SD	14.03493	35.38344	363945
alqdarf	Al Qadarif	SD	14.03493	35.38344	363945
jia da li fu	Al Qadarif	SD	14.03493	35.38344	363945
Гедареф	Al Qadarif	SD	14.03493	35.38344	363945
אל-קדריף	Al Qadarif	SD	14.03493	35.38344	363945
القضارف	Al Qadarif	SD	14.03493	35.38344	363945
加达里夫	Al Qadarif	SD	14.03493	35.38344	363945
Al Masallamiyya	Al Masallamiyya	SD	14.5748	33.3373	9373
Al Musallamiyah	Al Masallamiyya	SD	14.5748	33.3373	9373
Al Musallamīyah	Al Masallamiyya	SD	14.5748	33.3373	9373
El Mesellemiya	Al Masallamiyya	SD	14.5748	33.3373	9373
Mesellemiya	Al Masallamiyya	SD	14.5748	33.3373	9373
Messelemiya	Al Masallamiyya	SD	14.5748	33.3373	9373
Al Mijlad	Al Mijlad	SD	11.03333	27.73333	19997
Al Mujlad	Al Mijlad	SD	11.03333	27.73333	19997
El Muglad	Al Mijlad	SD	11.03333	27.73333	19997
Muglad	Al Mijlad	SD	11.03333	27.73333	19997
El Matama	El Matama	SD	16.7095	33.3565	11366
Al Matamma	El Matama	SD	16.7095	33.3565	11366
Al Matammah	El Matama	SD	16.7095	33.3565	11366
El Metemma	El Matama	SD	16.7095	33.3565	11366
Matammah	El Matama	SD	16.7095	33.3565	11366
Maṭammah	El Matama	SD	16.7095	33.3565	11366
Metemma	El Matama	SD	16.7095	33.3565	11366
Al Manāqil	Al Manāqil	SD	14.2459	32.9891	128297
Al Manaqil	Al Manāqil	SD	14.2459	32.9891	128297
El Managil	Al Manāqil	SD	14.2459	32.9891	128297
El Manaqil	Al Manāqil	SD	14.2459	32.9891	128297
El Manāqil	Al Manāqil	SD	14.2459	32.9891	128297
Manaqil	Al Manāqil	SD	14.2459	32.9891	128297
Al Lagowa	Al Lagowa	SD	11.4	29.13333	11024
Al Lagawa	Al Lagowa	SD	11.4	29.13333	11024
Al Lagāwa	Al Lagowa	SD	11.4	29.13333	11024
El Lagowa	Al Lagowa	SD	11.4	29.13333	11024
Khartoum	Khartoum	SD	15.55177	32.53241	1974647
Al Khartum	Khartoum	SD	15.55177	32.53241	1974647
Al Kharţūm	Khartoum	SD	15.55177	32.53241	1974647
Al Khurtum	Khartoum	SD	15.55177	32.53241	1974647
Al Khurţūm	Khartoum	SD	15.55177	32.53241	1974647
Cartum	Khartoum	SD	15.55177	32.53241	1974647
Cartúm	Khartoum	SD	15.55177	32.53241	1974647
Chartoum	Khartoum	SD	15.55177	32.53241	1974647
Chartum	Khartoum	SD	15.55177	32.53241	1974647
Chartumas	Khartoum	SD	15.55177	32.53241	1974647
Chartúm	Khartoum	SD	15.55177	32.53241	1974647
Hartum	Khartoum	SD	15.55177	32.53241	1974647
Hartumo	Khartoum	SD	15.55177	32.53241	1974647
Jartum	Khartoum	SD	15.55177	32.53241	1974647
KRT	Khartoum	SD	15.55177	32.53241	1974647
Kartum	Khartoum	SD	15.55177	32.53241	1974647
Kartúm	Khartoum	SD	15.55177	32.53241	1974647
Khartoem	Khartoum	SD	15.55177	32.53241	1974647
Khartoun	Khartoum	SD	15.55177	32.53241	1974647
Khartum	Khartoum	SD	15.55177	32.53241	1974647
Khartun - alkhrtwm	Khartoum	SD	15.55177	32.53241	1974647
Khartún - الخرطوم	Khartoum	SD	15.55177	32.53241	1974647
haleutum	Khartoum	SD	15.55177	32.53241	1974647
harutsumu	Khartoum	SD	15.55177	32.53241	1974647
hrtwm	Khartoum	SD	15.55177	32.53241	1974647
karttaum	Khartoum	SD	15.55177	32.53241	1974647
ke tu mu	Khartoum	SD	15.55177	32.53241	1974647
khartwm	Khartoum	SD	15.55177	32.53241	1974647
khrtwm	Khartoum	SD	15.55177	32.53241	1974647
Ĥartumo	Khartoum	SD	15.55177	32.53241	1974647
Χαρτούμ	Khartoum	SD	15.55177	32.53241	1974647
Картум	Khartoum	SD	15.55177	32.53241	1974647
Хартум	Khartoum	SD	15.55177	32.53241	1974647
חרטום	Khartoum	SD	15.55177	32.53241	1974647
خارطوم	Khartoum	SD	15.55177	32.53241	1974647
خرطوم	Khartoum	SD	15.55177	32.53241	1974647
கார்த்தௌம்	Khartoum	SD	15.55177	32.53241	1974647
ཁར་ཏུམ	Khartoum	SD	15.55177	32.53241	1974647
ካርቱም	Khartoum	SD	15.55177	32.53241	1974647
ハルツーム	Khartoum	SD	15.55177	32.53241	1974647
喀土穆	Khartoum	SD	15.55177	32.53241	1974647
하르툼	Khartoum	SD	15.55177	32.53241	1974647
Al Kiremit al ‘Arakiyyīn	Al Kiremit al ‘Arakiyyīn	SD	14.3476	32.9437	9775
Al Kereimet	Al Kiremit al ‘Arakiyyīn	SD	14.3476	32.9437	9775
Al Kiremit al `Arakiyyin	Al Kiremit al ‘Arakiyyīn	SD	14.3476	32.9437	9775
El Kereimet	Al Kiremit al ‘Arakiyyīn	SD	14.3476	32.9437	9775
Kereimet	Al Kiremit al ‘Arakiyyīn	SD	14.3476	32.9437	9775
Al Kawa	Al Kawa	SD	13.7463	32.4996	10167
Al Kawah	Al Kawa	SD	13.7463	32.4996	10167
El Kawa	Al Kawa	SD	13.7463	32.4996	10167
Kawa	Al Kawa	SD	13.7463	32.4996	10167
Geneina	Geneina	SD	13.45262	22.44725	162981
Aj Jinena	Geneina	SD	13.45262	22.44725	162981
Aj Jinēna	Geneina	SD	13.45262	22.44725	162981
Al Geneina	Geneina	SD	13.45262	22.44725	162981
Al Jeneina	Geneina	SD	13.45262	22.44725	162981
Al Jinena	Geneina	SD	13.45262	22.44725	162981
Al Jinēna	Geneina	SD	13.45262	22.44725	162981
Al Junaynah	Geneina	SD	13.45262	22.44725	162981
EGN	Geneina	SD	13.45262	22.44725	162981
El Geneina	Geneina	SD	13.45262	22.44725	162981
aljnynt	Geneina	SD	13.45262	22.44725	162981
الجنينة	Geneina	SD	13.45262	22.44725	162981
Al Hilāliyya	Al Hilāliyya	SD	14.9398	33.234	17345
Al Hilaliyah	Al Hilāliyya	SD	14.9398	33.234	17345
Al Hilaliyya	Al Hilāliyya	SD	14.9398	33.234	17345
Al Hilālīyah	Al Hilāliyya	SD	14.9398	33.234	17345
El Hilaliya	Al Hilāliyya	SD	14.9398	33.234	17345
El Hilāliya	Al Hilāliyya	SD	14.9398	33.234	17345
Hilaliya	Al Hilāliyya	SD	14.9398	33.234	17345
Al Ḩawātah	Al Ḩawātah	SD	13.41667	34.63333	24513
Al Hawatah	Al Ḩawātah	SD	13.41667	34.63333	24513
Al Hawwata	Al Ḩawātah	SD	13.41667	34.63333	24513
El Hawata	Al Ḩawātah	SD	13.41667	34.63333	24513
Al Hasaheisa	Al Hasaheisa	SD	14.75264	33.29836	28735
Al Hasahisa	Al Hasaheisa	SD	14.75264	33.29836	28735
Al Ḩaşāḩīşa	Al Hasaheisa	SD	14.75264	33.29836	28735
El Hasaheisa	Al Hasaheisa	SD	14.75264	33.29836	28735
El Hasiheisa	Al Hasaheisa	SD	14.75264	33.29836	28735
Hasiheisa	Al Hasaheisa	SD	14.75264	33.29836	28735
Al Fūlah	Al Fūlah	SD	11.73292	28.35786	11238
Al Fulah	Al Fūlah	SD	11.73292	28.35786	11238
Al-Fula	Al Fūlah	SD	11.73292	28.35786	11238
El Fula	Al Fūlah	SD	11.73292	28.35786	11238
Rigl el Fula	Al Fūlah	SD	11.73292	28.35786	11238
Rijl Al Fula	Al Fūlah	SD	11.73292	28.35786	11238
El Fasher	El Fasher	SD	13.62793	25.34936	252609
Al Fashir	El Fasher	SD	13.62793	25.34936	252609
Al Fāshir	El Fasher	SD	13.62793	25.34936	252609
Al-Faschir	El Fasher	SD	13.62793	25.34936	252609
Al-Fashir	El Fasher	SD	13.62793	25.34936	252609
ELF	El Fasher	SD	13.62793	25.34936	252609
Ehl'-Fashir	El Fasher	SD	13.62793	25.34936	252609
Эль-Фашир	El Fasher	SD	13.62793	25.34936	252609
El Bauga	El Bauga	SD	18.26197	33.90812	19141
Al Bauga	El Bauga	SD	18.26197	33.90812	19141
Ad Douiem	Ad Douiem	SD	14.0012	32.3116	87068
Ad Diwem	Ad Douiem	SD	14.0012	32.3116	87068
Ad Duwaym	Ad Douiem	SD	14.0012	32.3116	87068
Ad Duwem	Ad Douiem	SD	14.0012	32.3116	87068
Ad Duwēm	Ad Douiem	SD	14.0012	32.3116	87068
Al Dewaym	Ad Douiem	SD	14.0012	32.3116	87068
Dewaim	Ad Douiem	SD	14.0012	32.3116	87068
Dueim	Ad Douiem	SD	14.0012	32.3116	87068
Ed Dueim	Ad Douiem	SD	14.0012	32.3116	87068
Ehd-Duehjm	Ad Douiem	SD	14.0012	32.3116	87068
aldwym	Ad Douiem	SD	14.0012	32.3116	87068
aldwym (mdynt)	Ad Douiem	SD	14.0012	32.3116	87068
Эд-Дуэйм	Ad Douiem	SD	14.0012	32.3116	87068
الدويم (مدينة)	Ad Douiem	SD	14.0012	32.3116	87068
الدویم	Ad Douiem	SD	14.0012	32.3116	87068
El Daein	El Daein	SD	11.46186	26.12583	264734
ADV	El Daein	SD	11.46186	26.12583	264734
Ad Du'ayn	El Daein	SD	11.46186	26.12583	264734
Ed Daein	El Daein	SD	11.46186	26.12583	264734
aldʿyn	El Daein	SD	11.46186	26.12583	264734
الضعين	El Daein	SD	11.46186	26.12583	264734
الضعین	El Daein	SD	11.46186	26.12583	264734
Ed Damer	Ed Damer	SD	17.59898	33.97205	103941
Ad Damar	Ed Damer	SD	17.59898	33.97205	103941
Ad Damir	Ed Damer	SD	17.59898	33.97205	103941
Ad Dāmir	Ed Damer	SD	17.59898	33.97205	103941
Ad-Damir	Ed Damer	SD	17.59898	33.97205	103941
Al-Damir	Ed Damer	SD	17.59898	33.97205	103941
El Damar	Ed Damer	SD	17.59898	33.97205	103941
aldamr	Ed Damer	SD	17.59898	33.97205	103941
الدامر	Ed Damer	SD	17.59898	33.97205	103941
Ad-Damazin	Ad-Damazin	SD	11.7891	34.3592	186051
Ad Damazin	Ad-Damazin	SD	11.7891	34.3592	186051
Ad Damāzīn	Ad-Damazin	SD	11.7891	34.3592	186051
Damazin	Ad-Damazin	SD	11.7891	34.3592	186051
Ed Damazin	Ad-Damazin	SD	11.7891	34.3592	186051
RSS	Ad-Damazin	SD	11.7891	34.3592	186051
aldmazyn	Ad-Damazin	SD	11.7891	34.3592	186051
Ед Дамазин	Ad-Damazin	SD	11.7891	34.3592	186051
الدمازين	Ad-Damazin	SD	11.7891	34.3592	186051
Ad Dabbah	Ad Dabbah	SD	18.05	30.95	11626
Ad Dabba	Ad Dabbah	SD	18.05	30.95	11626
Al Dabbah	Ad Dabbah	SD	18.05	30.95	11626
Dabbah	Ad Dabbah	SD	18.05	30.95	11626
Debba	Ad Dabbah	SD	18.05	30.95	11626
Debbat el Muaskar	Ad Dabbah	SD	18.05	30.95	11626
Debbeh	Ad Dabbah	SD	18.05	30.95	11626
EDB	Ad Dabbah	SD	18.05	30.95	11626
Ed Debba	Ad Dabbah	SD	18.05	30.95	11626
Abu Jibeha	Abu Jibeha	SD	11.4562	31.2285	21790
Abu Gibeyah	Abu Jibeha	SD	11.4562	31.2285	21790
Abu Gubeiha	Abu Jibeha	SD	11.4562	31.2285	21790
Abu Jubayhah	Abu Jibeha	SD	11.4562	31.2285	21790
Abu-Gebeiha	Abu Jibeha	SD	11.4562	31.2285	21790
Abū Jubayhah	Abu Jibeha	SD	11.4562	31.2285	21790
alfwlt	El Fula	SD	11.71195	28.3462	0
الفولة	El Fula	SD	11.71195	28.3462	0
