nameEN	nameAR	altName	lat	lon	population	place	id
Khartoum	الخرطوم	Khartoem,ካርቱም,Xartum,Хартум,ཁར་ཏུམ།,C'hartoum,Kartum,خەرتووم,Chartúm,Khartum,Χαρτούμ,Ĥartumo,Jartum,Hartum,خارطوم,Kartûm,Cartúm,Khartún - الخرطوم,חרטום,खार्तूम,Kartoum,Kartúm,Խարթում,Cartum,ハルツーム,ხარტუმი,ಖಾರ್ತೂಮ್,하르툼,Xertûm,Khartumensis Urbs,Chartumas,Hartūma,Картум,खार्टूम,ခါတွမ်းမြို့,Khartom,Chartum,خرطوم,Khartuum,கர்த்தூம்,คาร์ทูม,خارتۇم,Al-Khartoum,喀土穆	32.53565	15.593325	2682431	city	node/27565117
Ganetti	قنتي		31.255919	17.9738607	NA	village	node/75553735
Al Dabbah	الدبة	El Debba,Ad-Dabba	30.95119	18.043988	52e3	city	node/75561491
Dongola	دنقلا	Dunqulah;Dunqula,Донгола,Al 'Urdi	30.4731589	19.1728506	13500	city	node/75562621
Dabak	دبك		32.5866564	16.1743104	NA	village	node/90093539
Goz Nafisah	NA		32.5853968	16.2034044	NA	village	node/90093776
Wad AlBasal	NA		32.6033076	16.2329943	NA	village	node/90094057
Qerri	NA		32.6248082	16.2303572	NA	village	node/90094971
Hillat ed Dareisa	NA		32.664934	16.1311106	NA	village	node/90096106
Wad Ramli	ود رملي		32.5703486	16.0992818	NA	village	node/90096121
AlNukhaylah	NA		32.5732668	16.1281423	NA	village	node/90096719
AlHakamab West	NA		32.5488909	16.1151144	NA	village	node/90097172
Hawawit East	NA		32.6980646	16.2666142	NA	village	node/90098113
Hawawit West	NA		32.6604708	16.3005579	NA	village	node/90099211
Al Miseiktab	NA		32.7018412	16.3392729	NA	village	node/90099550
Mideini	NA		32.728277	16.345862	NA	village	node/90099881
AlHuqnah	NA		32.6693328	16.3476328	NA	village	node/90100057
AlQuweiz	NA		32.7016695	16.3562392	NA	village	node/90100322
Hajar al Asal	NA		32.8429576	16.4695193	NA	village	node/90102509
Wad Hamid	NA		32.80192	16.484674	NA	village	node/90104994
El Basaber	NA		32.9446991	16.5166664	NA	village	node/90105507
Biryab	NA		32.9425104	16.5692625	NA	village	node/90106851
Salawa	NA		33.0885513	16.5465761	NA	village	node/90108362
AlZumah	NA		33.130823	16.5259854	NA	village	node/90108967
El Ghadoora	NA		33.1390627	16.506236	NA	village	node/90109077
Al Hawsh	NA		33.3248003	16.6469065	NA	village	node/90110842
Al Salluab	NA		33.2763918	16.6750283	NA	village	node/90111660
Shendi	شندي	Schandi	33.432286	16.6884963	NA	city	node/90112925
Al Matammah	NA		33.3569934	16.7095897	NA	village	node/90114371
NA	الشقالوة	NA	33.4586962	16.710709	NA	village	node/90115181
Hillat al Sheikh Al Tayiq	NA		33.5931071	16.7411228	NA	village	node/90116244
Taragma	NA		33.5415994	16.7425686	NA	town	node/90116658
Kabushiyah	كبوشية		33.6942156	16.8927902	NA	town	node/90118541
Hillat el Mashaykha	NA		33.6669214	16.8389071	NA	village	node/90118744
Qawz Burra	NA		33.6267527	16.8742285	NA	village	node/90119314
Hillat ed Darqab	NA		33.7099666	16.9322873	NA	village	node/90124760
Hillat el Karada	NA		33.7501772	17.326247	NA	village	node/90128919
Ageida	NA		33.7258013	17.2900277	NA	village	node/90129206
Gabati	NA		33.7666567	17.2031378	NA	village	node/90129651
Kiteiyab	NA		33.7168749	17.1736188	NA	village	node/90130013
Gabrab	NA		33.7000521	17.1498361	NA	village	node/90130354
ukabrabiya	NA		33.7048586	17.1196524	NA	village	node/90130936
Kimeir	NA		33.6689814	17.0953706	NA	village	node/90131023
Zeidab North	NA		33.8631304	17.4404303	NA	village	node/90132018
Zeidab East	NA		33.8804014	17.3985912	NA	village	node/90132660
Zeidab East	NA		33.8277682	17.4022679	NA	village	node/90133206
ad-Damer	الدامر	ad-Damir	33.9687021	17.583018	2e4	town	node/90135018
Atbara	عطبرة	Atbarah,Атбара	33.98073	17.690719	111399	city	node/90135276
Syyalah	NA		33.9040973	17.5330689	NA	village	node/90135840
Butri	NA		32.6969924	15.4664844	NA	village	node/90146993
Baqayr AlWarrani	NA		32.7351435	15.400752	NA	village	node/90148570
Al 'Aylafun	NA		32.7245005	15.4336833	NA	town	node/90149106
Baqayr al Quddami	NA		32.762781	15.3749328	NA	village	node/90149197
AlHudaybah	NA		32.7488764	15.4164736	NA	village	node/90149416
الجديد ١	NA	NA	32.7809771	15.3388468	NA	village	node/90150262
Jadid AlAtsha	NA		32.7852686	15.3128544	NA	village	node/90152102
Giad Industrial Complex	مدينة جياد الصناعية		32.8285273	15.3161657	NA	town	node/90152580
AlMasudiyah	NA		32.8647478	15.3070594	NA	village	node/90152968
AlNuba	NA		32.8983935	15.2908328	NA	village	node/90158058
Mahas Kutrang	NA		32.9342707	15.2878522	NA	village	node/90164530
Al Masid	NA		32.9747828	15.2560571	NA	village	node/90165330
Alti	NA		32.9986437	15.2504263	NA	village	node/90165802
Um Maghat	NA		33.032976	15.2439671	NA	village	node/90166336
AlTekeina	NA		33.0647333	15.2156439	NA	village	node/90166497
Bashaqra West	NA		33.0671366	15.1984163	NA	village	node/90166990
Bashaqra East	NA		33.0844744	15.2315451	NA	village	node/90167842
Fadl	NA		33.0822428	15.1984163	NA	village	node/90167981
Takala	NA		33.1037005	15.1767141	NA	village	node/90169210
Wad Rawah	ود راوة		33.1306513	15.1637911	NA	village	node/90169573
Wad at Turabi	NA		33.1279047	15.1362857	NA	village	node/90169925
Kasambar	NA		33.1727083	15.106125	NA	village	node/90170296
Al Kamilin	الكاملين		33.1864413	15.0812654	NA	town	node/90171779
Brankaw	NA		33.2660921	14.9746609	NA	village	node/90171918
Al Hilaliyah	NA		33.2374247	14.9376772	NA	village	node/90172676
Abu 'Ushar	NA		33.2070406	14.917773	NA	village	node/90173492
Ganneb	NA		33.2736452	14.8477621	NA	village	node/90173580
Al Uk	العك		33.2875498	14.8346533	NA	village	node/90174656
Al Junayd	NA		33.3097475	14.7951991	NA	village	node/90187378
Al Hasahisa	NA		33.2987078	14.7357306	NA	town	node/90187514
Rufaah	رفاعة		33.3659991	14.7677692	NA	city	node/90187942
Wadi Halfa	وادي حلفا	Вади-Хальфа	31.350737	21.8005	15725	city	node/100013911
Sonki	NA		30.6776268	21.176875	NA	village	node/100016082
Higlig	هجليج		29.3856417	10.0256429	NA	town	node/210348785
Kaduqli	كادوقلي‎	Kadougli,Кадугли,Кадуглі	29.7155751	11.0085934	92674	city	node/210360300
Abyei	أبيي	アビエイ	28.4334735	9.6044573	NA	town	node/238610118
Kosti	كوستي	Кости,Кості	32.6725113	13.1521864	384e3	city	node/248948488
Al Wusa	NA		32.5158539	13.0369908	NA	village	node/248948627
Um Hajar	NA		32.4272788	13.0404534	NA	village	node/248948635
Um Hajlijah	NA		32.2760296	12.9969623	NA	village	node/248948641
Abu Humayrah	NA		32.2643513	13.0741907	NA	village	node/248948647
Salimah	NA		32.0674386	12.9839427	NA	village	node/248948652
Tandalti	تندلتي		31.866068	13.009027	NA	city	node/248948657
Al Fulah	NA		31.9250508	12.949878	NA	village	node/248948663
Um Hujailijah	NA		31.7865471	12.9875439	NA	village	node/248948669
Umm Ruwaba	أم روابة	Um Rawaba	31.2147916	12.905825	NA	city	node/248948675
Al Rahad	الرهد		30.6397248	12.7234142	NA	town	node/248948680
Al-Ubayyid	الأبيض	El Obeid,Эль-Обейд	30.222559	13.183366	429e3	city	node/248948689
Um Duwainib	NA		32.5686574	15.1418238	NA	village	node/248966783
Port Sudan	بورتسودان	Bur Sudan,Port-Soudan,Porto Sudàn,Porto Sudão,Порт-Судан	37.211709	19.619217	489e3	city	node/288510602
Sawakin	سواكن	Suakin	37.331236	19.103071	4e4	city	node/288512635
Nyala	نيالا	Ньяла	24.8795115	12.0505098	566e3	city	node/291449779
Al-Qadarif	القضارف	Gedaref,Al Quadarif,al Qadarif,Гедареф	35.398832	14.040941	354598	city	node/294865520
Kassala	كسلا	Kasala,Кассала	36.3771099	15.4521163	436e3	city	node/300066939
Wad Madanī	ود مدني	Wad Madani,Вад-Медани	33.5309561	14.3965781	369733	city	node/300069794
Al-Fashir	الفاشر	Al-Faschir,El Fasher,Эль-Фашир	25.3555559	13.6238244	277e3	city	node/300074306
Ad Da'ein	الضعين	El Daein,Ad-Du’ain,Ed Daein	26.1310939	11.4611731	24e4	city	node/300076998
Ad-Damazin	الدمازين	Эд-Дамазин	34.3656298	11.8073636	213e3	city	node/300077759
Geneina	الجنينة	Al-Junaynah,Эль-Генейна	22.4452278	13.4435	178e3	city	node/300078547
Mogran	المقرن		32.5061151	15.6030902	NA	suburb	node/312338791
Er Roseires	NA		34.387746	11.863337	NA	town	node/321368128
Sennar	سنار	Sinja;Sennar al-Madina,Сеннар,Mok-waar	33.6103555	13.5424054	135581	city	node/321438810
Sennar Junction	مفرق سنار		33.5638353	13.5692729	NA	town	node/321439070
Rabak	ربك		32.7398062	13.1844655	152711	city	node/321439793
North Kurdufan State	شمال كردفان	North Kordufan,North Kurdufan State شمال كردفان,Nord-Kurdufan,Kordofan du Nord,Северный Кордофан	29.9999999	15	14e5	state	node/321446174
Red Sea State	البحر الأحمر	Red Sea State البحر الأحمر,Rotes Meer,Mar Rojo,Mer Rouge,Mar Rosso,Mar Vermelho,Красное море,Röda havet	36	20	695874	state	node/321446175
Al Qadarif State	القضارف	Gedarif;Al Qadarif;Gadarif;Gedaref;Gederaf,Al Qadarif State القضارف,al-Qadarif,Al Qadarif,Гедареф	35.0850849	13.9758355	14e5	state	node/321446176
White Nile State	النيل الأبيض	Weißer Nil,Nil Blanc,Белый Нил	32.5	12.5	14e5	state	node/321446178
West Kurdufan State	NA	NA	28.5	12	NA	historical_state	node/321446185
Blue Nile State	النيل الأزرق	An Nil al Azraq,النيل الأزرق Blue Nile State,Blauer Nil,Nil Bleu,Kék Nílus,Голубой Нил,Al Wilāyah al Wusţá,Zentral,Central State	34.122894	11.9566972	NA	state	node/321446195
West Darfur State	غرب دارفور	West Darfur State غرب دارفور,West-Darfur,Darfour-Occidental,West Darfur,Западный Дарфур	22.6574884	13.4263009	1007e3	state	node/321446198
River Nile State	ولاية نهر النيل	an Nīl, Nahr an Nīl,River Nile State ولاية نهر النيل,Nilfluss,Nil,Нил,Nilen	34.055823	17.9984928	9e5	state	node/321446199
South Darfur State	جنوب دارفور	Dārfūr al Janūbīyah, Janūb Dārfūr,South Darfur State جنوب دارفور,Süd-Darfur,Darfour du Sud,Южный Дарфур	25	11	NA	state	node/321446200
South Kurdufan State	جنوب كردفان	South Kordufan,South Kurdufan State جنوب كردفان,Süd-Kurdufan,Kordofan du Sud,Южный Кордофан	31	11	11e5	state	node/321446201
Northern State	الشمالية	الشمالية Northern State,Norden,Nord,Северный	30	19	6e5	state	node/321446203
North Darfur State	شمال دارفور	North Darfur State شمال دارفور,Nord-Darfur,Darfour du Nord,Северный Дарфур	26	16	1583e3	state	node/321446204
Sennar State	سنار	Sennar State سنار,Sannar,Сеннар	33.5	13	11e5	state	node/321446206
Khartoum State	الخرطوم	Khartum,Khartoum,Xertûm,Хартум	32.7476658	15.8359108	47e5	state	node/321446208
Kassala State	كسل	Kassala State كسل,Kassala,Кассала,Al Wilāyah ash Sharqīyah	36.0181112	16.0431989	14e5	state	node/321446209
Wadi Al-Malik	NA		30.7139936	18.2117005	NA	locality	node/321458660
Kutum	كتم	Wadi Kutum	24.661729	14.20312	45e3	city	node/321459449
Tawilah	طويلة		24.8612293	13.513868	NA	town	node/321474738
Zalingei	زالنجي		23.4738132	12.9134096	27258	city	node/321481872
Kas	كاس		24.2859432	12.5058244	NA	city	node/321484289
Babanusah	بابنوسة		27.8095803	11.3305456	NA	city	node/321502878
Muglad	المجلد		27.7545176	11.0323699	NA	city	node/321503273
Sudan	السودان	Soedan,ሱዳን,Sudán,sudan,Судан,Sudaŋ,সুদান,སུ་དཱན།,Soudan,ᏑᏕᏂ,Súdán,སུ་ཌཱན,Sudan nutome,Σουδάν,Sudano,Sudaan,سودان,Norðursudan,Sûdan,An tSúdáin,સુદાન,Yn Toodaan,Sudana,סודן,सूडान,Szudán,Սուդան,Súdan,スーダン,სუდანი,Sudani,ស៊ូដង់,ಸೂಡಾನ್,수단,سوٗڈان,der Sudahn,Sudania,Sudaani,Soedaan,Sudá,ຊູດານ,Sudanas,Sudāna,Sodan,സുഡാൻ,सुदान,ဆူဒန်,सुडान,ସୁଦାନ୍,Sudão,Davvisudan,Sudäan,සූඩානය,Suudaan,சூடான்,సుడాన్,ประเทศซูดาน,Sūteni,ma Sutan,سوڈان,Sudän,Orílẹ́ède Sudani,苏丹,Sūdān,i-Sudan,جمهورية السودان,Рэспубліка Судан,Republik Soudan,Δημοκρατία του Σουδάν,Republic of Sudan,Respubliko Sudano,Sudaani Vabariik,République du Soudan,Republik Sudan,Komara Sûdanê,Sudano Respublika,República do Sudão,Republica Sudan,Республика Судан,Република Судан,Republiken Sudan,Republika ng Sudan,Cộng hòa Sudan	29.4917691	14.5844444	39379358	country	node/424297973
Dilling	الدانج	الدلنج	29.6516649	12.0315831	59089	city	node/576348786
Abu Sufyan	NA		26.401794	11.8937546	NA	town	node/667976356
El Fuwela/Bueda	NA		26.5135456	11.7756419	NA	town	node/667976361
Kafran Kualah	NA		26.4167285	11.8065611	NA	town	node/667976372
El Sahab	NA		26.3976741	11.7427024	NA	town	node/667976374
Badi	NA		26.4551807	11.7042119	NA	town	node/667976375
Wad Belal	NA		26.519897	11.6860574	NA	town	node/667976377
Hamouda	NA		26.5569759	11.7237099	NA	town	node/667976380
Jabrona	NA		26.6704441	11.7731211	NA	town	node/667976382
Kunjari	NA		26.6793704	11.7448872	NA	town	node/667976384
Dalil Dokhry	NA		26.7466617	11.8354607	NA	town	node/667976400
Monjar	NA		26.8221927	11.8270599	NA	town	node/667976404
Futaha	NA		26.8836475	11.7647185	NA	town	node/667976437
Shaq El Leyoun	NA		26.9619251	11.8238676	NA	town	node/667976469
Habila	هبيلة		22.5593433	12.6815542	NA	town	node/696839744
For Baranga	NA		22.6080951	12.1241034	NA	town	node/696840765
Beida	البيضاء‎‎		21.8920955	12.7123675	NA	town	node/696842412
Gobe	NA		22.4532565	12.4416195	NA	town	node/696850923
Um Sangamti	NA		22.5045833	12.4473189	NA	village	node/696851626
Abu Dahiya	NA		22.4905071	12.7036598	NA	village	node/696852241
Tawang	NA		22.4093112	12.7982565	NA	village	node/696854181
Sawani	NA		22.3930034	12.8821083	NA	village	node/696854923
Jedida	الجديدة		22.3449382	12.7862037	NA	village	node/696856122
Arara	أرارا		22.1658954	12.7304518	NA	town	node/696856666
Masmaja	NA		22.5171146	12.7759918	NA	village	node/696857442
Ior	NA		22.6384792	12.6102004	NA	village	node/696858055
Sala	NA		22.6673183	12.5203937	NA	village	node/696858372
Mangarsa	NA		22.6779613	12.4049059	NA	village	node/696859320
Jimeza Nabakaya	NA		22.5117931	12.0630054	NA	village	node/696860429
Haja Bakar	NA		22.5109348	12.1387045	NA	village	node/696861338
Kasha	NA		22.4439868	12.3852897	NA	village	node/696865914
Tundosa	NA		22.4644145	12.3066423	NA	village	node/696871484
Dunqunab	دنقناب		37.1184721	21.1050972	NA	village	node/704031042
Wadi Hesmet Omar	وادي حسمة عمر	Wâdi Hesmet Omar, Wadi Hesmet Omar, Wadi Hismet Umar	33.083333	21.783333	NA	locality	node/767969921
Wadi al Sahabah	وادي الصحابة	Wādī aş Şaḩābah, Wadi al Sahabah	31.366667	22	NA	locality	node/768073825
Nusb al Hidirina	نصب الهدرينة	Nuṣb el-Hidirîna, Nusb al Hidirina	32.616667	22	NA	locality	node/768074096
Nubia	النوبة	Nubia, Nubia,Nubie	32	20	NA	region	node/768807730
Fidimin al Qibliya	فديمين القبلية	Fidîmîn el Qiblîya, Fidimin al Qibliya	30.766667	20.383333	NA	hamlet	node/768807731
Atbay	عتباي	‘Atbāy, Atbay	35	22	NA	region	node/768807825
Amarat	العمارات	العمارات Amarat,New Extension	32.5475348	15.5728003	NA	suburb	node/952665742
Manshiya	المنشية		32.5796123	15.5941744	NA	suburb	node/952665745
Hay al-Mataar	حي المطار		32.54289	15.5977034	NA	suburb	node/981596171
Nasir Extension	امتداد ناصر		32.5654633	15.5917419	NA	suburb	node/981596177
Diyum	الديم	Deims,الديوم	32.53391	15.5727773	NA	suburb	node/981626829
ALsajana	السجانة		32.5268209	15.5777016	NA	suburb	node/981641128
Hillat al-Jadida	الحلة الجديدة		32.5203732	15.5719703	NA	suburb	node/981641131
Light Industrial Area	المنطقة الصناعية الخرطوم	Zone industrielle légère	32.5181818	15.5840229	NA	suburb	node/981641135
Riyadh	الرياض		32.5677069	15.5835188	NA	suburb	node/995288255
Hay al-Safa	NA		32.5593811	15.5910229	NA	suburb	node/995288261
Umara	NA		32.4829743	15.6356207	NA	suburb	node/995378723
Masalama	NA		32.4883807	15.6534618	NA	suburb	node/995392527
Hay al Arab	NA		32.4820444	15.6539159	NA	suburb	node/995392547
Wad Nubawi	NA		32.4920354	15.6560136	NA	suburb	node/995392552
Mayo	مايو		32.549376	15.4836158	NA	suburb	node/1100613539
Kafouri 8	كافوري 8	كافوري	32.5776975	15.635426	NA	suburb	node/1107456718
NA	سوبا اللعوتة		32.6300767	15.4926512	NA	suburb	node/1137250434
Soba West	سوبا غرب		32.6450635	15.5026721	NA	suburb	node/1137250435
Gebel Belesagado	NA		34.95	10.86667	NA	locality	node/1150885878
Herguanga	NA		35.08333	11.55	NA	locality	node/1150886637
Ze`Ilan Wenz	NA		34.18333	10.31667	NA	locality	node/1150903241
Bumbode	NA		34.95	11.23333	NA	locality	node/1150904733
El Begaiya	NA		35.7	12.66667	NA	locality	node/1150908663
Bolbole Wenz	NA		34.28333	10.53333	NA	locality	node/1150917047
Zair	NA		35.68333	12.65	NA	locality	node/1150920482
Komesha Shet'	NA		34.25	10.41667	NA	locality	node/1150934822
Ganeberri	NA		34.78333	10.73333	NA	locality	node/1150936818
Jebel Belangashe	NA		34.86667	10.8	NA	locality	node/1150947576
Jabal Oss	NA		34.23333	10.05	NA	locality	node/1150973472
Casciangaro	NA		34.6	10.9	NA	locality	node/1151004669
Gooz	حي القوز		32.5149256	15.5696915	NA	suburb	node/1246405898
Rumiela	NA		32.5084725	15.57001	NA	suburb	node/1246405899
Jeref West	NA		32.58181	15.5694263	NA	suburb	node/1246409436
Arkaweet	اركويت		32.5701715	15.5589542	NA	suburb	node/1246409437
Jabra	NA		32.5147122	15.5269748	NA	suburb	node/1246409439
Garden City	NA		32.5669111	15.6109328	NA	suburb	node/1272551131
Umm Baddah	NA		32.4381441	15.6527206	NA	suburb	node/1272567929
Khartoum 1	الخرطوم ١	الخرطوم 1	32.5414206	15.5901543	NA	suburb	node/1405605485
Maamoura	المعمورة		32.5759243	15.5452588	NA	suburb	node/1410710400
Al Taif	الطائف		32.5707987	15.5672228	NA	suburb	node/1410710401
Abbas Island	NA		32.6084878	13.3272393	NA	island	node/1541500059
Karari	NA		32.5303962	15.7936066	NA	village	node/1580700723
Merowe	مروي		31.8171688	18.4811972	1e4	city	node/1620604084
Argo	ارقو		30.4203725	19.5269115	7716	town	node/1789680555
Al Kurumuk	الكرمك	al Kurumuk	34.2849452	10.556617	NA	town	node/1795209723
Dalil Babikir	NA		26.6698306	11.8472324	NA	town	node/1820997112
Niser	NA		30.5068861	20.3572975	NA	village	node/1834967844
Mellit	مليط	Malit	25.5504429	14.1394199	NA	city	node/1870260644
Khartoum 2	الخرطوم 2		32.535677	15.5901497	NA	suburb	node/1870728179
NA	نادي الاسرة		32.5277806	15.5871428	NA	suburb	node/1870728180
Downtown	وسط مدينة		32.5266471	15.6023198	NA	suburb	node/1875207300
NA	امري الجديدة القرية 3		31.6282551	18.1072618	NA	village	node/1886583995
Al-Madina Arab	NA		33.310028	14.3595329	NA	town	node/1888319953
Delgo	دلقو		30.559885	20.119244	NA	town	node/1895872571
Abu Jibeha	أبو جبيهة	Abu-Gebeiha,Абу-Губейха	31.2339838	11.4646721	NA	city	node/1895967608
Kebkabiya	كبكابية	Kebkebiya,كبكابية (Kebkabiya)	24.0902512	13.650321	NA	town	node/1911154943
Abu Hamad	أبو حمد		33.3248471	19.5378928	NA	city	node/1950229972
Karima	كريمة		31.847617	18.545128	NA	town	node/1956274629
Wawa	واوا		30.3304959	20.4847488	NA	village	node/1958037325
Abri	عبري		30.3406751	20.7930384	4e4	city	node/1958038093
Kerma	كرمة		30.4091017	19.593098	NA	city	node/1958047978
Kabodu	كبدي		30.3844337	19.7282684	NA	village	node/1958080920
Abu Fatma	ابو فاطمة	اشكان,أشكان	30.4046384	19.6877621	NA	village	node/1958085269
Elkumor	NA		33.3956827	14.2816875	NA	village	node/1968423445
Umm Badr	أم بادر		27.938155	14.23656	NA	town	node/1971661697
Ailliet	اللعيت جارالنبى		27.0482686	11.9596801	NA	town	node/1977579557
Umm Kadadah	أم كدادة		26.6892786	13.6002208	NA	town	node/1977584722
Ed Dueim	الدويم		32.30946	13.997187	NA	city	node/1977780575
Omdurman	أم درمان	Omdurmán,Omdourman,Омдурман	32.4777311	15.6445536	2395159	city	node/1980789690
Sigili	NA		25.6343676	13.3773495	NA	village	node/2004479946
Al-Murada	الموردة		32.4880867	15.6291316	NA	suburb	node/2030895241
Al-Omda	NA		32.4869682	15.6597847	NA	suburb	node/2030895248
Arda South	NA	NA	32.4711936	15.6383043	NA	suburb	node/2030895249
Beit al-Mal	NA	NA	32.4982781	15.6497815	NA	suburb	node/2030895251
Wad al-Bana	NA	NA	32.4979225	15.654531	NA	suburb	node/2030895252
Omdurman Industrial Area	NA	NA	32.4674363	15.6645371	NA	suburb	node/2030895253
Kasakana	NA		30.4172218	19.9456759	NA	village	node/2045158918
NA	توندي		30.5738615	20.2935364	NA	village	node/2045158940
Unknown	NA		30.5723321	20.2561875	NA	village	node/2045158966
Unknown	NA		30.5379815	20.3226235	NA	village	node/2045159085
Unknown	NA		30.5195112	20.3420619	NA	village	node/2045159094
Unknown	NA		30.3503878	20.4106642	NA	village	node/2045159096
Hafir	الحفير		30.3641262	19.5935138	NA	village	node/2045245603
Koya	NA		30.3872513	20.340739	NA	village	node/2045308555
Tumbus	تمبس	Toumbous	30.3966945	19.7105982	NA	village	node/2045308599
Kagbar	كجبار		30.5310713	19.9451844	NA	village	node/2046694684
Defoi	دفوي		30.4552003	19.9468334	NA	village	node/2046719657
Gorgod	قرقود		30.5482636	20.1590864	NA	village	node/2046794370
Hamid	حميد		30.2981027	20.6459944	NA	village	node/2046794371
Koka	كوكا		30.5754594	20.0379169	NA	village	node/2046794552
Sese	سيسة		30.548278	20.1234552	NA	village	node/2046794594
NA	مركول تبج		30.3320215	19.9519791	NA	village	node/2047277627
Tokar	طوكر	Tawkar,Токар	37.7339322	18.4303582	NA	town	node/2050431482
Wad Muzammil	ود مزمل		36.539718	14.2642892	NA	town	node/2050780659
Akasha	NA		30.7084659	21.0829565	NA	village	node/2052101195
Jebel Aulia	جبل اولياء		32.509082	15.244386	NA	town	node/2056566800
Oasis Salima	واحة سليمة		29.3158018	21.3685578	NA	locality	node/2072860266
Dindiro	دندرو		34.1684771	11.4676512	NA	village	node/2075327576
Baluul	NA		29.2455211	11.6618225	NA	village	node/2076077875
Mariyam	NA		29.2205703	11.6644273	NA	village	node/2076077894
Thuma	NA		29.2215668	11.6830931	NA	village	node/2076078101
As Salamat	NA		30.3506592	12.5951254	NA	town	node/2082551486
NA	توداج	NA	28.473029	9.7347526	NA	village	node/2082554596
Al Thawra 5	NA		32.4885406	15.6814486	NA	neighbourhood	node/2084480909
Meriam	NA	NA	27.689925	10.1464796	NA	town	node/2090839794
War Guit	NA		27.5220694	9.8239705	NA	village	node/2090866452
Um Dukhan	أم دخن		22.9640183	11.1381512	NA	town	node/2096690140
Murnei	NA		22.8729194	12.9497506	NA	town	node/2104175124
NA	الكلاكلة القبة		32.4687914	15.4697065	NA	town	node/2105691425
Ghaliya	NA		32.4114167	15.8040012	NA	suburb	node/2107205846
Al Busta South	NA	NA	32.4809834	15.6435489	NA	suburb	node/2107828778
Arda North	NA	NA	32.4731657	15.6449246	NA	suburb	node/2107828779
Al Managil	المناقل	al Manaqil,Al Manaqil,Эль-Менакил	32.9858537	14.2467437	128e3	city	node/2116631186
Saraf `Umrah	NA	NA	23.3035085	13.4729593	NA	town	node/2126487382
Jeref East	NA		32.5980618	15.5829481	NA	suburb	node/2137581851
Heiban	NA		30.5117104	11.2158464	NA	town	node/2144606237
Dallami	NA	NA	30.4683414	11.861891	NA	town	node/2145231896
Agok	أكوك	أكوك Agok	28.5804778	9.3494096	NA	town	node/2146403255
Habila	NA		30.0198347	11.9507788	NA	town	node/2146403256
Talodi	تلودي		30.3793795	10.6326436	NA	city	node/2146406946
Tungaru	NA		30.6929286	10.2325366	NA	town	node/2146406956
Mafluh	NA		30.3846823	10.7276236	NA	village	node/2146809994
Umm Dibekrat	ام دبيكرات		32.3196553	12.8880549	NA	village	node/2148161498
Um Inderaba	NA		31.8861753	15.1754859	NA	village	node/2148335055
Al ‘Abbāsiyya	العباسية		31.3032428	12.1640649	NA	town	node/2150777648
Kalogi	NA		30.9841667	10.8577778	NA	town	node/2151753467
Rashād	رشاد		31.049733	11.861856	NA	town	node/2151757926
Kauda	كاودة		30.5542787	11.0622146	NA	town	node/2153191077
Diffra	دفرا	دفرا Diffra	28.3990591	10.0382462	NA	village	node/2177423626
Goli	كلي	كلي Goli	28.4795023	9.833356	NA	village	node/2177436762
Al Jazirah	الجزيرة	Al Jazirah الجزيرة,al-Dschazira	33.222361	14.6671537	NA	state	node/2222526729
Om Sarieh	NA		32.2545277	18.8380344	NA	village	node/2251317254
NA	الحامداب الجديدة القرية 2		31.1840594	17.9347849	NA	village	node/2261096995
NA	الحامداب الجديدة القرية 3		31.124008	17.9442847	NA	village	node/2261097271
NA	امري الجديدة القرية 2		31.6830352	18.1301029	NA	village	node/2261097452
NA	امري الجديدة القرية 4		31.5624483	18.0299209	NA	village	node/2261097885
NA	امري الجديدة القرية 5		31.6462148	17.9940062	NA	village	node/2261100928
القرية الادارية امري الجديدة	امري الجديدة القرية 1 الادارية		31.6457641	18.1697305	NA	neighbourhood	node/2261100933
Dam Workers Town	NA		32.0586477	18.6454506	NA	village	node/2261104081
el-Multaga	الملتقى		31.2288037	17.9729417	NA	town	node/2261259233
Gharama	NA		29.0208678	11.5061811	NA	village	node/2269573574
Al Lagowa	لقاوة		29.1266763	11.4026179	NA	town	node/2269613906
Jadidah	NA		29.1048967	11.6444421	NA	village	node/2271549231
Abu Haraz	NA		32.1611617	19.0611161	NA	village	node/2278157126
As Sultan	NA		29.126985	11.6217729	NA	village	node/2279511401
Kaya	NA		29.2503803	11.6703034	NA	village	node/2281878551
Kereeker	NA		29.2531821	11.6799169	NA	village	node/2281878552
Kudaada	NA		29.2201436	11.6715555	NA	village	node/2281878553
NA	اشو		30.3660535	19.7442793	NA	village	node/2284860625
NA	ساتي نصر		30.715912	18.4808654	NA	neighbourhood	node/2284860658
El Amarin	NA		32.5612115	19.1631188	NA	hamlet	node/2294339537
El Kora	NA		32.6653712	19.1700405	NA	hamlet	node/2294339538
Umm Dueima	NA		32.6933482	19.2242657	NA	hamlet	node/2294339539
Umm Saiyal	NA		32.7070049	19.2764303	NA	hamlet	node/2294339540
El Heibah	NA		32.6896146	19.2103462	NA	hamlet	node/2294339541
El Heleiba	NA		32.6504876	19.1637554	NA	hamlet	node/2294339542
El Kab	NA		32.7156754	19.293413	NA	village	node/2294339543
Umm Belgi	NA		32.6933321	19.2411429	NA	hamlet	node/2294339544
Hamdab	الحماداب		32.039648	18.6087095	NA	village	node/2294364845
El Harraz	NA		32.4344566	19.0335036	NA	hamlet	node/2298054782
Kaweina	NA		32.5709645	19.1616679	NA	hamlet	node/2298895446
Kereiti	NA		32.4376799	18.9751096	NA	village	node/2300250459
Ed Debab	NA		32.4711229	19.0237161	NA	hamlet	node/2301293384
El Guni	NA		32.4575986	19.0275754	NA	hamlet	node/2301293451
El Kuhula	NA		32.5036039	19.0376873	NA	hamlet	node/2301293457
Essajani	NA		32.5042128	19.0440153	NA	village	node/2301293463
Umm Ghafur	NA		32.4591809	19.0243698	NA	village	node/2301293474
El Kararir	NA		32.5054865	19.0512669	NA	hamlet	node/2301367873
Garfaur	NA		32.5048428	19.0957701	NA	hamlet	node/2301367916
Wed Ibrahim	NA		32.5270035	19.0940519	NA	hamlet	node/2301367936
Walad Sabir	NA		32.5167199	19.0880193	NA	hamlet	node/2301367944
Asabrab	NA		32.5109156	19.0811855	NA	village	node/2301367993
Ed Dabba	NA		32.4976438	19.0672284	NA	hamlet	node/2301368012
El Midaimir	NA		32.5314409	19.1016407	NA	village	node/2301368117
As Suweigat	NA		32.2906646	18.9273556	NA	hamlet	node/2305703243
Kidr	NA		32.5444546	19.1280586	NA	hamlet	node/2313976470
Ras el Jezira	NA		32.5429084	19.1171722	NA	hamlet	node/2313990317
Klilabia	NA		32.5204729	19.1086741	NA	hamlet	node/2313990318
El Haraz	NA		32.5362994	19.1199198	NA	hamlet	node/2313990319
Atoia	NA		32.539679	19.1087683	NA	hamlet	node/2313990320
Aluba	NA		32.5269455	19.108931	NA	hamlet	node/2313990321
El Baragub	NA		32.5213312	19.1048295	NA	hamlet	node/2313990322
Ed Dom	NA		32.5181823	19.1043505	NA	hamlet	node/2313990326
Kuka	NA	NA	23.0251888	13.6466105	NA	village	node/2363012953
Muzbat	NA	NA	24.2482471	15.2056216	NA	hamlet	node/2363012954
En Nahud	النهود	An-Nahud,Эн-Нахуд	28.422103	12.692159	NA	city	node/2373597402
Wad Banda	ود بندة		27.9432003	13.0931468	NA	city	node/2373597639
Barah	بارا		30.3703697	13.6968325	NA	city	node/2374654672
Bara	NA		30.3787043	13.8924984	NA	village	node/2374654799
Menawashei	NA	NA	24.994663	12.6915234	NA	town	node/2385330277
Um Dawaban	NA		32.8342957	15.4304883	NA	suburb	node/2420184472
Abu Shouk	NA		25.3490977	13.6702342	NA	suburb	node/2430717820
Al Salaam	NA		25.370255	13.6734867	NA	suburb	node/2430717821
Wad Alhabil	NA		32.5887128	15.1117854	NA	village	node/2467548863
Habib Allah	NA		32.5320216	15.1468126	NA	village	node/2467550982
Om Mongar	NA		32.5456472	15.1558015	NA	village	node/2467550983
AlSheikh AlYagout	الشيخ اليعقوب		32.5043627	15.157707	NA	village	node/2467550984
Al Rasheed	NA		32.5640846	15.2575452	NA	village	node/2467592799
Khashm El Girba	خشم القربة		35.89471	14.958192	NA	town	node/2487361789
Shagarab III Refugee Camp	معسكر الشجراب 3		35.9702582	14.7121387	NA	town	node/2487367426
Shagarab I Refugee Camp	معسكر الشجراب 1		35.9821977	14.7629115	NA	town	node/2487367449
Shagarab II Refugee Camp	معسكر الشجراب 2		35.9729141	14.7440844	NA	town	node/2487367659
Basunda	NA		35.8448186	12.9860148	NA	town	node/2522054333
Nilwa	نلوة		30.3000057	20.5422141	NA	village	node/2529214633
Qubbat Selim	قبة سليم	أدي فار	30.2862377	20.5627936	NA	village	node/2529214637
Dhopu	NA		29.9429692	10.62481	NA	village	node/2550728221
Todhoro	NA		30.0137242	10.6940907	NA	hamlet	node/2550728869
Togaro	NA		30.0748023	10.7092854	NA	village	node/2550728872
Tolape	NA		29.971626	10.7060787	NA	village	node/2550728874
Topalla	NA		30.0559408	10.6822013	NA	village	node/2550728877
Tosari	NA		30.0276691	10.6655745	NA	village	node/2550728880
Buram	بورام		25.1583291	10.8616617	NA	city	node/2574072000
Er-Rutrutaya	الروتروتايا	Эр-Рутрутая	24.5589951	9.8279866	NA	town	node/2574095009
Khayr Wajih	NA		24.6074829	10.7700727	NA	town	node/2574095014
Sherab	NA		24.7081349	10.7135645	NA	town	node/2574095017
Um Danga	NA		24.5773199	10.9508798	NA	town	node/2574095218
Rahad al-Bardi	NA	NA	23.88428	11.3026464	NA	town	node/2574098107
Umm Higar	أم حجار		24.5210091	9.4939687	NA	town	node/2574155905
Kafia Kingi	كافيا كنجي		24.4164673	9.2729483	NA	town	node/2574158593
Rahad-Angatu	NA		24.9036874	10.2895436	NA	town	node/2575330355
Al Fifi	NA		25.0241508	10.0373806	NA	town	node/2575345363
Abu Gudul	NA		25.0617142	10.6947143	NA	town	node/2575457120
Uma Cocab	NA		24.9918169	9.9821239	NA	village	node/2575457222
El Aburu	NA		24.9412627	9.8985539	NA	town	node/2575457245
Umm Digulgulaya	NA		24.9325439	10.3901178	NA	village	node/2575457367
Mandi	NA		30.5056401	10.8923054	NA	village	node/2575810423
Abu Ajura	NA		24.6716118	11.5887258	NA	town	node/2576501547
Nyertete	NA		24.0436599	12.964356	NA	town	node/2580426369
Dibbis	NA		24.1134914	12.8554259	NA	town	node/2580426371
Sisi	NA		22.7402454	13.1909231	NA	village	node/2580440913
Gereida	NA	NA	25.1414136	11.2811075	NA	town	node/2585787717
Tulus	NA		24.5306934	11.0931843	NA	town	node/2585974793
Ed Al Fursan	NA		24.3138183	11.5111217	NA	town	node/2585974855
???	NA		24.4725433	11.4229209	NA	village	node/2585985225
Abu Sellala	NA		24.711732	11.2165792	NA	town	node/2586028980
Al Marwahah	NA		24.5773426	11.4833832	NA	town	node/2586034274
Jidad	NA		24.7521497	11.0999988	NA	town	node/2586084493
Abu Ajala	NA		24.6643535	11.6126766	NA	town	node/2586143089
Katayla	NA		24.3972698	11.1938466	NA	town	node/2586173429
Barbari	NA		24.4161204	11.1231118	NA	village	node/2586173453
As Sumayh	NA		27.7701557	9.6848385	NA	town	node/2590105444
NA	ماكو		22.6742679	13.5102105	NA	village	node/2592451546
Guli	قولى		33.4914643	11.7190787	NA	town	node/2597929648
Bout	بوط		33.385474	11.4210555	NA	city	node/2597933459
Radom	رادوم		24.8469162	9.8253383	NA	town	node/2600826445
Samaha	NA		26.8144936	9.7388355	NA	locality	node/2605745157
Kiir Adem	NA		26.8153339	9.7321528	NA	village	node/2605745298
NA	يابوس	NA	34.1728997	9.9485508	NA	village	node/2618181267
El Fil	NA		34.0280503	9.9604604	NA	village	node/2618181390
Quraywid	NA		28.2829298	12.5972051	NA	village	node/2635114464
unkown	NA		24.7178874	12.4609521	NA	village	node/2648936883
Menawashei	NA		24.9808481	12.3986355	NA	town	node/2648947351
Al Mazmūm	المزموم		33.5408281	12.2724838	NA	city	node/2655669111
Garabin	القرابين		33.8163017	12.1159815	NA	city	node/2655669439
Agadi	اقدي		34.0754246	11.8056389	NA	city	node/2655669549
Tuwal	NA		23.8874911	11.0994098	NA	town	node/2658646293
Shergeila	NA		24.9168234	11.1197542	NA	town	node/2660513792
Al Malwi	NA		24.9194847	10.9164204	NA	town	node/2660513983
Kubbi	NA		25.2946072	11.1140483	NA	town	node/2660547450
Al Akhdar	NA		25.2079182	10.5935059	NA	town	node/2660610562
Karkour Talh	كركور طلح	كركور طلح Karkour Talh	25.1323038	21.9632755	NA	village	node/2663063645
Sali	سالي		34.1889582	10.7774504	NA	village	node/2670524844
Ragag	NA		24.7071488	10.9245009	NA	town	node/2670850995
East Darfur State	ولاية شرق دارفور	East Darfur State ولاية شرق دارفور,Ost-Darfur	26.5858041	11.2231983	NA	state	node/2691764712
Squre1 Emtidad Shambat	NA		32.537856	15.6699717	NA	neighbourhood	node/2810302022
Maktab Ziraai	NA		35.6598012	15.3439708	NA	village	node/2828428835
New Halfa	حلفا الجديدة		35.6037885	15.3202459	NA	town	node/2828441938
Qaryah Thalāthan	NA		35.7229501	15.1830649	NA	village	node/2828441949
Qaryah Ithnān	NA		35.6939147	15.1515678	NA	village	node/2828441963
Qaryah Thamānīvata ‘Ashar	القرية 18		35.6408536	15.3582385	NA	village	node/2828442064
Qaryah Tis‘ah	NA		35.6536601	15.2459923	NA	village	node/2828442097
Qaryah ‘Asharah	NA		35.702929	15.258078	NA	village	node/2828442113
Qaryah Thamānīyah	NA		35.6129964	15.2075855	NA	village	node/2828442147
Qaryah Khamsah	NA		35.645592	15.1931529	NA	village	node/2828442160
Qaryah Ithnā ‘Ashar	NA		35.6695387	15.2855675	NA	village	node/2828442164
Nukhaylah	NA		26.3134976	19.0431493	NA	locality	node/2858257664
Tina	تينا		22.8185665	15.0177073	NA	city	node/2932393524
Basao	NA		22.9571302	15.0187116	NA	village	node/2932411774
Al-Kadaro	NA		32.5635148	15.7493578	NA	neighbourhood	node/2941445407
Osaylat	NA		32.8629368	15.3750723	NA	village	node/2952083273
Tambool	تمبول		33.422566	14.9267897	NA	city	node/2955411569
Mabrouka	NA		33.4502341	14.9208624	NA	village	node/2955465395
Kirayat	NA		33.455856	14.9294462	NA	village	node/2955465396
Al-Aboudab	NA		33.4446551	14.9095412	NA	village	node/2955496048
Wad Alfadul	NA		33.3746602	14.997932	NA	village	node/2955530687
Al-Khojlab	الخوجلاب		32.5602461	15.8100816	NA	village	node/2956991062
Al-Faki Hashim	الفكي هاشم		32.5567915	15.8357733	NA	village	node/2956991066
Marinjan	NA		33.533451	14.3421683	NA	neighbourhood	node/2961037410
Al-Dubaseen	NA		33.5425244	14.3422723	NA	neighbourhood	node/2961037411
Um Sunut	NA		33.559948	14.3300491	NA	village	node/2961037416
Hilat Hassan	NA		33.5390021	14.3482043	NA	neighbourhood	node/2961037421
Um Dagarsi	NA		33.2305066	14.9860807	NA	village	node/2961152170
Banat	بانت		33.4089083	14.7532099	NA	village	node/2965669718
Al-Tarajmah	NA		33.4230811	14.7845613	NA	village	node/2965698482
Sifaita Al-Ghanoumab	NA		33.3246543	14.7388097	NA	village	node/2965727841
Jubayt	جبيت		36.834481	18.952248	3e4	city	node/2971608212
Karora	كارورا		38.3647389	17.7039112	NA	village	node/2971808069
Sinkāt	سنكات		36.8364825	18.8379764	NA	city	node/2983364451
Al-Faragin	NA		32.7586535	15.1930916	NA	village	node/3013744330
Alsidaira	NA		32.8168403	15.1532515	NA	village	node/3013756423
Habiba	NA		32.7148777	15.2573595	NA	village	node/3013756424
Alsidaira West	NA		32.7937518	15.175946	NA	village	node/3013756425
Kab Algidad	NA		32.8717719	15.1306291	NA	village	node/3013756426
AlKaraiba	قرية الكريبة		33.4635288	14.4119355	NA	village	node/3027041964
Al-Muhandiseen	NA		32.4654558	15.6150589	NA	neighbourhood	node/3053058257
NA	نفق بري		32.5451295	15.6080914	NA	locality	node/3068931397
El Hawata	الحواتة	Al Hawatah,Al Hawwata,Al Ḩawātah	34.6336766	13.4176259	NA	city	node/3121562429
Beika	بيكة		33.4279459	14.4044404	NA	village	node/3125639975
Mahala	NA		33.3703264	14.413235	NA	village	node/3125670748
Al-Talha	NA		33.3526367	14.4103764	NA	village	node/3125718260
Aboud	NA		33.1317858	14.2295514	NA	village	node/3125745999
Korma	NA		24.7517392	13.8533114	NA	village	node/3134284970
Qal‘at Takārīr	NA		35.1142257	13.4897117	NA	village	node/3136143945
Ardeba / Marenji	NA		33.9971066	9.9613692	NA	hamlet	node/3151955874
Birkat Saira	NA		23.4433697	13.5667191	NA	town	node/3154245577
Jirewa	NA		33.5201854	11.8351336	NA	town	node/3160805777
Deribat	دربات		24.5194655	13.0808649	NA	town	node/3170505535
Keilak	كيلك		29.3507214	10.832651	NA	town	node/3182058113
Um Hashīma	NA	NA	31.3996653	11.3565729	NA	village	node/3200570796
Tajmala	NA	NA	31.0971098	11.597999	NA	town	node/3200632462
Hayya	هيا	Haiya	36.3860147	18.3329475	NA	town	node/3201578820
Kortala	NA		30.3080189	12.0842896	NA	town	node/3202095244
Bābikri	NA		35.7647669	12.9956592	NA	town	node/3207135813
Balinga	NA		29.7572881	10.9108359	NA	hamlet	node/3226496562
Khamdi	NA		25.2401073	13.6393641	NA	village	node/3226845952
Shagara Abu Bakr	NA		25.2254108	13.6024861	NA	village	node/3226846012
Malha Wells	NA		26.1585109	15.0935129	NA	town	node/3246118934
Hillat Al Sifayah	NA		35.5039315	15.6696228	NA	village	node/3248749661
Hillat Qeli	NA		35.5132379	15.6288456	NA	village	node/3248749662
Hillat Rerah	NA		35.4445191	15.6481513	NA	village	node/3248749663
Madīnat al Masna’a	NA		35.5516509	15.4793243	NA	town	node/3248749664
Qaryah Ahada ‘Ashar	NA		35.5973186	15.2502206	NA	village	node/3248749665
Qaryah Arba‘ah wa ‘Ishrūn	NA		35.5397489	15.3957858	NA	village	node/3248749666
Qaryah Arba‘ata ‘Ashar	القرية 14		35.6394975	15.3137531	NA	village	node/3248749667
Qaryah Ithnān wa ‘Ishrūn	NA		35.6128001	15.4168295	NA	village	node/3248749668
Qaryah Sab‘ah	NA		35.7398746	15.2221518	NA	village	node/3248749669
Qaryah Sittah Arab	NA		35.5048215	15.2491169	NA	town	node/3248749670
Qaryah Sittah	NA		35.6826242	15.2099489	NA	village	node/3248749671
Qaryah Sittata ‘Ashar	NA		35.5548983	15.3363018	NA	village	node/3248749672
Qaryah Thalāthata ‘Ashar	القرية 13		35.625536	15.2802847	NA	village	node/3248749673
Qaryah Wāhid wa ‘Ishrūn	NA		35.5812876	15.3783033	NA	village	node/3248749674
Qaryah Wāhid	NA		35.7255329	15.1402151	NA	village	node/3248749675
Qaryah ‘Ishrūn	NA		35.50486	15.3804286	NA	village	node/3248749676
Borida	NA		33.5562093	15.0585089	NA	village	node/3248785074
Umm Ḩujayrah	NA		33.4681513	15.1048634	NA	village	node/3248785075
Wad Azraq	NA		33.622268	15.054004	NA	village	node/3248785076
Wad Ḩamadnā Allāh	NA		33.5881601	15.0523263	NA	village	node/3248785077
Sidon	سيدون	Sidon?	34.439191	17.3290026	NA	village	node/3258640623
Al Amīn	NA		28.0301923	12.1952511	NA	village	node/3271746702
Ya‘qūb	NA		29.3175706	11.1277264	NA	village	node/3273648944
Al Kuraynik	NA		22.8916753	13.3674856	NA	village	node/3276835447
Hajar Tama	NA		22.9825788	13.1632103	NA	village	node/3276835448
Kongi	NA		23.1083985	13.3791576	NA	village	node/3276835449
Umtajok	NA		23.0738882	13.4208997	NA	village	node/3276835450
Watsani	NA		23.1626588	13.5212061	NA	village	node/3276835451
Al Ahmar	NA		33.6348019	11.9041339	NA	town	node/3302165659
El Barun	NA		33.4905664	11.7307723	NA	town	node/3302165660
Fash Shār	NA		33.5957956	11.8461914	NA	hamlet	node/3302166061
Jammām	NA		33.5958	11.8351	NA	village	node/3302166072
Quli	NA		33.5106004	11.7362036	NA	town	node/3302166581
Qumur	NA		33.6205	11.9178	NA	village	node/3302166582
Rūru	NA		33.655639	11.8996939	NA	town	node/3302166583
Sheikh Idris	NA		33.5014032	11.7188779	NA	village	node/3302166584
Balos	NA		34.9527455	13.3760343	NA	town	node/3302642511
Bān	NA		34.9130543	13.4290527	NA	town	node/3302642512
Mugdeit	NA		34.905692	13.4095103	NA	village	node/3302642513
Qurein	NA		34.782541	13.5246059	NA	town	node/3302649310
El Suki	السوكي	As Suki	33.8904559	13.3246176	NA	city	node/3310640105
Banasu	NA		33.9791361	13.0363604	NA	village	node/3310800434
Meina Al Mak	NA		33.9577577	13.1664841	NA	village	node/3313215530
Singa	سنجة	سِنْجَة,Sindscha	33.9283527	13.1440522	NA	city	node/3313215531
Dontai	NA	NA	34.0231116	12.8946748	NA	village	node/3313226944
Karkoj	NA		34.0207841	12.9374426	NA	village	node/3313226945
Merau	NA	NA	34.0712504	12.8498361	NA	village	node/3313250961
Barankwa	NA		34.1538705	12.753602	NA	village	node/3313263698
Qindil	NA		34.1523341	12.6719724	NA	village	node/3313263699
Wad an Nail	ود النيل		34.1123314	12.513909	NA	city	node/3313277604
Al Quwaysi	الدندر القويسي	El Quwaysi,الدندر ,القويسي	34.0869653	13.3342503	NA	city	node/3313281455
Al Farajab	NA		32.6405073	15.1927214	NA	village	node/3328485243
Wad Alkireil	NA		32.4952474	15.1149703	NA	village	node/3328488471
Al Shukaba	NA		32.4849456	15.1295927	NA	village	node/3328488472
Al Qutaynah	القطينة		32.3703723	14.8762914	NA	village	node/3328504630
Berber	بربر	Barbar	33.9925728	18.0263236	NA	town	node/3395842948
Aroma	أروما		36.1365693	15.8099977	NA	city	node/3396917409
Hamaschkorieb	NA		36.2029698	16.1572481	NA	town	node/3398735314
Ad Dinder	الدندر		34.1429258	13.2644829	NA	town	node/3414404893
Hamrat El Sheikh	حمرة الشيخ		27.9744818	14.6383993	NA	town	node/3424207593
Manasis	NA		25.4520569	11.2233326	NA	town	node/3483041517
Yabus Gaba	NA		34.1106023	9.959348	NA	village	node/3495256432
Silea	NA		22.6196776	13.9993583	NA	village	node/3601705803
Hilat Abbas	NA		33.5811275	14.3210458	NA	village	node/3741208432
Alshukaba Alwihda	NA		33.5692373	14.2944527	NA	village	node/3741233470
Alamara Algadida	العمارة الجديدة		33.3970693	14.7395755	NA	village	node/3792609143
Wad Rahoom	ود رحوم		33.3865121	14.734263	NA	village	node/3792615900
Al Awaida	العوايدة		33.4290369	14.7164052	NA	village	node/3792619004
Abu Jalfa	أبوجلفا		33.4811405	14.7253187	NA	village	node/3792619006
Al Hibeika Akoud	الهبيكة عكود		33.4011033	14.6740738	NA	village	node/3792619157
Al Hibeika	الهبيكة		33.4206727	14.674572	NA	village	node/3792619158
Al Ereibab	العريباب		33.4027341	14.6941664	NA	village	node/3792619159
Al Ezayba	العزيبة		33.3254865	14.777921	NA	village	node/3792637976
Bebnis	NA		33.18807	11.5920695	NA	village	node/3800456063
Yunis	NA		24.7344371	14.6336874	NA	locality	node/3803165332
Bazora	NA		34.9323872	13.1049872	NA	town	node/3803360022
Nile 2nd. Cataract	الشلال الثاني		30.9557824	21.4791158	NA	locality	node/3942678356
Nile 3rd. Cataract	NA		30.3054636	19.817968	NA	locality	node/3942678557
Nile 4th. Cataract	الشلال الرابع		32.0529132	18.6661277	NA	locality	node/3942678558
Nile 5th. Cataract	NA		33.9663484	17.6823526	NA	locality	node/3942678559
Nile 6th. Cataract	الشلال السادس	شلال السبلوقة	32.6696875	16.286146	NA	locality	node/3942678560
NA	بوزي		33.4817873	12.4723251	NA	town	node/3992138474
Abusalik	NA		33.7967431	12.0745355	NA	village	node/3992179261
Ad Dali,Ad Dāli	الدالي		33.4133374	12.866116	NA	city	node/3992349935
Aj Jabalen,Al Jabalayn,El Jebelein,Jebelein,aljblyn	الجبلين		32.8088318	12.5949867	NA	city	node/3992374366
Abu Gaw	NA		33.1953253	11.7714015	NA	hamlet	node/3993555813
Wedabok	NA		33.6404403	11.3696821	NA	city	node/4002925136
Buk	NA		33.8540954	11.5347292	NA	town	node/4002925793
Tishwin	NA		29.5175803	9.7723339	NA	village	node/4012177956
Kulbus	كلبس	Koulbus,كلبُس	22.4614296	14.3657155	NA	town	node/4019105282
Sumayah	NA		27.7908315	9.8504915	NA	locality	node/4034442967
Al Goled	القولد		30.6330833	18.5046499	NA	city	node/4116845005
Kulb,Kulb East,Kulba	كولب		30.6651379	21.0520281	NA	village	node/4154121116
Kowikka	كويكة	كَوِكَّة	30.3381502	20.6848244	NA	village	node/4156143767
NA	أرودين		30.3144802	20.6692785	NA	village	node/4157499479
NA	صيصاب		30.31963	20.7526534	NA	village	node/4157499480
NA	عدو	NA	30.3445638	20.7219902	NA	village	node/4157499481
NA	موركة		30.3142559	20.7192041	NA	village	node/4157499482
NA	عبود		30.3198436	20.639493	NA	village	node/4157525630
nolwata	جزيرة نولتي		30.3042541	20.6413161	NA	village	node/4158218505
NA	أبوراقة		30.2845372	20.6018232	NA	village	node/4158218506
NA	تبج		30.3276778	20.7726792	NA	village	node/4158218507
NA	توشكى		30.3041897	20.7240893	NA	village	node/4158218508
NA	جزيرة ارنتى		30.3534807	20.8186662	NA	village	node/4158218509
NA	جنس		30.4893131	20.8175229	NA	village	node/4158218510
NA	عطب		30.4398317	20.8200701	NA	village	node/4158218511
NA	عمارة		30.3799701	20.8090888	NA	village	node/4158218512
NA	كوشة		30.5424208	20.8294362	NA	village	node/4158218513
NA	أشيمتو		30.3314849	20.5029099	NA	village	node/4160014618
NA	إرو	NA	30.331721	20.5259712	NA	village	node/4160014619
NA	صواردة		30.3045127	20.5654334	NA	village	node/4160014620
NA	مسيدة		30.3899179	19.893946	NA	village	node/4161837889
NA	جزيرة اردوان		30.3594402	19.9254046	NA	village	node/4161885162
Al Kasowrah	الكاسورة		30.5107511	19.1605355	NA	village	node/4163207089
Umm Dawm	ام دوم		32.628427	15.5362402	NA	suburb	node/4181443345
Soleb	صلب		30.3123373	20.4723466	NA	village	node/4187344105
Berkia	بركية		30.3894959	19.5478871	NA	village	node/4196260420
NA	دمبو		30.3905527	19.5319775	NA	village	node/4196260421
Mushu	مشو		30.3700901	19.5708135	NA	village	node/4196260422
NA	البرقيق		30.4138635	19.5841761	NA	village	node/4197000415
NA	كرمه النزل		30.4080538	19.6418582	NA	village	node/4197000416
NA	كوية		30.3986339	19.5138837	NA	village	node/4197000417
NA	لبب شرق		30.481003	18.9887551	NA	village	node/4214506803
NA	ود نميري		30.4561966	18.9881927	NA	village	node/4214506804
NA	اقترى		30.5779196	20.091358	NA	village	node/4218556705
NA	سعدنكورتي		30.5617377	20.1469218	NA	village	node/4218556706
Village	NA		36.0679895	20.3427696	NA	village	node/4227797484
Tomala	تومالا		35.8459076	20.1530388	NA	town	node/4227802242
Hamteb	NA		36.1249779	20.2955459	NA	village	node/4227802689
Hamlet	NA		35.9692358	19.5944375	NA	hamlet	node/4227803408
AlSayyal	السيال		33.1241806	15.1787683	NA	village	node/4227853278
Aidaj	العيدج		33.1198116	15.1921133	NA	village	node/4227854789
Tikailat	التكيلات		33.108895	15.2006242	NA	village	node/4227856274
Alkamlin East	الكاملين شرق		33.2103792	15.0387836	NA	village	node/4227897693
AlMagharba	المغاربة		33.2467285	15.0669232	NA	village	node/4227897694
Wad AlNour	ود النور		33.2648173	15.0276345	NA	village	node/4227897695
AlMatama	المتمة		33.2060877	15.0582414	NA	village	node/4227905261
NA	كفوري مربع ١١	NA	32.5676426	15.6240091	NA	neighbourhood	node/4232936201
kafuri block 9	كافوري مربع ٩	كفوري مربع ٩	32.5677126	15.6304449	NA	neighbourhood	node/4232938098
NA	كفوري مربع ١٢		32.5814149	15.6267014	NA	neighbourhood	node/4234699189
El Kurru	الكرو		31.7741991	18.410242	NA	village	node/4259711558
Nuri	نوري		31.888321	18.561145	NA	town	node/4261906833
NA	الجزيرة إسلانج		32.5267396	15.8887836	NA	town	node/4261971292
Wad Sharefay	ود شريف		36.4490365	15.3633705	NA	town	node/4263510366
Village	NA		36.5796385	15.4161215	NA	village	node/4266793034
Village	NA		36.5711171	15.4044047	NA	village	node/4266794974
NA	الدهيسيرة		31.7609496	18.3888181	NA	town	node/4269170161
NA	الزومة		31.7495793	18.3696729	NA	town	node/4269170162
NA	بخيت		31.6880966	18.2991793	NA	village	node/4269170163
NA	حزيمة		31.7244565	18.3348574	NA	village	node/4269170164
NA	مقاشي		31.7375742	18.3521879	NA	village	node/4269170165
Ad Dubaybah	الدبيبة		31.8131464	18.4535181	NA	neighbourhood	node/4270926088
Al Qurayr	القرير		31.7204287	18.2891054	NA	town	node/4270926789
Fitnah	فتنة		31.806995	18.4246152	NA	neighbourhood	node/4270926790
Samareit	سمعريت		31.7965258	18.3990386	NA	neighbourhood	node/4270926791
Tangasi ar Ru'ays	تنقاسي الرويس		31.7913383	18.3836462	NA	neighbourhood	node/4270926792
Tangasi	تنقاسي		31.791401	18.3841184	NA	town	node/4270926793
NA	الاراك		31.6113255	18.2033231	NA	village	node/4272453817
NA	الحجير		31.6401783	18.2427124	NA	village	node/4272453818
NA	المقل		31.6617121	18.2729107	NA	village	node/4272453819
Al Basa	الباسا		31.6172097	18.1667768	NA	village	node/4272601379
Gowari	جواري		31.53557	18.0818251	NA	village	node/4272601380
Korti	كورتي		31.564979	18.097374	NA	town	node/4272601381
Usli	اوسلي		31.6581899	18.2219791	NA	village	node/4272601382
NA	الاراكة		31.5468481	18.0884121	NA	village	node/4272601757
NA	الحلة البيضاء		31.5781171	18.1094491	NA	neighbourhood	node/4272601758
NA	الغريبة		31.5943086	18.1376734	NA	village	node/4272601759
NA	جزيرة مساوي		31.6631877	18.258758	NA	island	node/4272601760
NA	مساوي		31.6733498	18.2396318	NA	village	node/4272601761
Huseinarti	حسينارتي		31.4151858	18.0253355	NA	village	node/4272621793
Al Arki,El Arki	الأركي		31.5296499	18.1230731	NA	village	node/4274854800
Al Bar,El Bar	البار		31.5476173	18.1358226	NA	village	node/4274854801
Al Barsa',Al Barşā’,El Barsa	البرصة		31.5647315	18.141363	NA	village	node/4274854802
An Nafab,En Nafab	النافعاب		31.5173364	18.0998588	NA	village	node/4274854803
El Karafab,Karafab	الكرفاب		31.59896	18.171981	NA	village	node/4274854804
Mura	مورة		31.4819873	18.0762383	NA	village	node/4274854805
NA	الركابية		31.5014211	18.090481	NA	village	node/4274856097
NA	السدر		31.4600147	18.062881	NA	village	node/4274856098
NA	جلاس		31.5398908	18.1261526	NA	village	node/4274856099
NA	كوري		31.4309503	18.0526295	NA	village	node/4274856100
NA	العفاض		31.1919352	17.9996151	NA	village	node/4277203176
NA	الهو		31.378742	18.052396	NA	village	node/4277203177
Artimoga	ارتموقة		31.2993494	18.013148	NA	village	node/4279253656
Fagrinkotti,Fakrinkotti,Faqrinkotti	فقير ام كتي		31.3179839	18.0309353	NA	village	node/4279253657
Mansur Koti,Mansurkotti	منصوركوتي		31.3331097	18.0347317	NA	village	node/4279253658
NA	أمبوكول	NA	31.5215992	18.0709892	NA	village	node/4279253681
Argi	ارقي		30.947209	18.0834185	NA	village	node/4281179910
Gabriya	الجابرية		30.8974727	18.0990088	NA	village	node/4281179911
Kakur	الككر		30.9174903	18.0989082	NA	village	node/4281179912
Kerat	الكرد		30.9158917	18.0824091	NA	village	node/4281179913
Abu Dom	ابو دوم		31.1347249	17.978306	NA	village	node/4281268513
Girra Barra	جرا		31.0266953	18.0400555	NA	village	node/4281268514
Goshabi	قوشابي		31.0985061	17.9947479	NA	village	node/4281268515
Karmakol	كرمكول		30.998297	18.0212781	NA	village	node/4281268516
NA	دبة الفقراء		31.0104901	18.0140348	NA	village	node/4281268517
Bakabul	بكبول		30.7632527	18.2009755	NA	village	node/4283473532
Banganarti	بنقنارتي قبلي		30.792203	18.170199	NA	village	node/4283473533
Tangasi Island,Tangussi Island	تنقسي الجزيرة		30.8364348	18.1430171	NA	village	node/4283473534
NA	بروس		30.8187329	18.1356337	NA	island	node/4283473562
NA	بنقنارتي بحري		30.7797948	18.1835777	NA	village	node/4283473563
Hammour	حمور		30.7687654	18.1911452	NA	village	node/4283473564
NA	سلب		30.8628499	18.1397639	NA	village	node/4283482450
NA	الغابة		30.735329	18.173404	NA	town	node/4284697254
NA	الباجا		30.7177973	18.2420105	NA	village	node/4285066046
Amantago,Amentago,Amentego,Amentogo	امنتجو		30.7119021	18.4298081	NA	village	node/4285407423
Arab Hag,Arab Hajj,‘Arab Hag,‘Arab Ḩājj	عرب حاج		30.7153638	18.3707513	NA	village	node/4285407424
Ghaddar	القدار		30.7273233	18.2845814	NA	village	node/4285407425
Kadakol,Kodokol	كدكول		30.71669	18.3518058	NA	village	node/4285407426
Megabda,Megauda	مقاوده,المقاوده		30.7127406	18.3250654	NA	village	node/4285407427
Naui,Nawi	ناوا		30.7215681	18.4541165	NA	village	node/4285407428
NA	رومي البكري		30.6787375	18.4088376	NA	village	node/4285407436
NA	كنكلاب		30.6880703	18.3125473	NA	village	node/4285407437
NA	لتي		30.7364823	18.4279682	NA	village	node/4285407438
Fergi	فرجي		30.7000734	18.4598809	NA	village	node/4289878194
Komi Island	كومي		30.675268	18.5014559	NA	island	node/4289878195
Malwad,Mulwad	ملواد		30.575772	18.6433881	NA	village	node/4289878196
Umm Karabik	ام كرابيج		30.6321063	18.5497517	NA	village	node/4289878197
Al Khandaq,El Khandag,El Khandaq,Khandak,Khandaq	الخندق		30.5658452	18.6066737	NA	village	node/4295552859
Dambo	دمبو		30.5950937	18.5540597	NA	neighbourhood	node/4295552860
Salagi	سلقي		30.6139005	18.5281755	NA	neighbourhood	node/4295552861
Sali Island	جزيرة سالي	جزيرة سالى	30.5614485	18.6805475	NA	island	node/4295552862
Sali	سالي		30.554146	18.655134	NA	village	node/4295552863
Shabana,Shabanah,Shabānah	شبعانه		30.6285699	18.5148158	NA	neighbourhood	node/4295552864
Shebatot	شبتوت		30.5653789	18.5834751	NA	neighbourhood	node/4295552865
Sori,Suri	سورى		30.5477512	18.6859576	NA	village	node/4295552866
Urbi	اوربي		30.5239857	18.7457381	NA	village	node/4295552867
Sahaba	الصحابه		30.4551437	18.9296313	NA	village	node/4296574289
Shaykh Sharif,Shaykh Sharīf,Sheikh Sherif	شيخ شريف		30.4745638	19.101097	NA	village	node/4296574290
Sortot	سورتود		30.4601608	19.0519593	NA	village	node/4296574291
Taetti,Teit,Teiti,Teti,Tēti	التيتي		30.5020354	18.8161537	NA	village	node/4296574292
Timinar	تمنار		30.4819611	19.0213954	NA	village	node/4296574293
NA	جرتود		30.4743581	18.9227079	NA	village	node/4296574663
NA	لبب غرب		30.4571811	19.0064577	NA	village	node/4296574664
Ertidi,Irtidi	ارتدي		30.4723045	19.1485528	NA	village	node/4296944361
Khana,Khanag,Khannag	الخناق		30.4743742	19.1341022	NA	village	node/4296944362
Garada,Qarada	جراده		30.4470728	19.2617648	NA	village	node/4297011163
Gharb Benna,Gharb Binna	غرب بن		30.4172321	19.4433667	NA	village	node/4297011164
Maragha	مراغه		30.4717661	19.2112852	NA	village	node/4297011165
NA	الزورات		30.4315528	19.3353065	NA	village	node/4297011475
NA	كابتود		30.4525794	19.2267454	NA	village	node/4297011476
Agada	اقدي		30.4772692	19.2791275	NA	village	node/4298042887
At Tur`ah,At Tur‘ah,Et Tur`a,Et Tur‘a	الترعه		30.4603274	19.3192277	NA	village	node/4298042888
Dar al `Awada,Dar el `Awada,Dar el ‘Awada,Dār al ‘Awada	دار العوضه		30.4559548	19.4986777	NA	village	node/4298043989
Gronti	قرنتى		30.4341114	19.4902492	NA	village	node/4298043990
Hamednarti	حامد نارتي		30.4824097	19.3665336	NA	village	node/4298043991
Hamok	الهمك		30.4825508	19.3353183	NA	village	node/4298043992
Seleim,Sulaym	السليم		30.5141933	19.1928441	NA	town	node/4298043993
NA	جزيرة بنا		30.4311493	19.4283108	NA	island	node/4298043994
NA	موسنارتي		30.4327166	19.4582079	NA	island	node/4298043995
NA	الدوم		30.4941131	19.3412169	NA	village	node/4298124394
NA	السير		30.4733413	19.3381798	NA	village	node/4298124395
NA	ايماني		30.4896269	19.32399	NA	village	node/4298124396
NA	مجرب		30.4772927	19.3199414	NA	village	node/4298124397
Akkad	اكد		30.3642093	19.6741795	NA	village	node/4298864688
Koban and Sorog	سروج		30.3604507	19.650673	NA	village	node/4298865389
Dagarti	دقرتي		30.3734362	19.6871225	NA	island	node/4298968214
Nab Island	ناب		30.3211189	19.7988707	NA	island	node/4298968215
Simit Island,Sinat Island	سميت		30.3435931	19.7766364	NA	island	node/4298968216
NA	هنك		30.3630174	19.7217077	NA	village	node/4298968217
NA	جزيرة آرتمري		30.569646	20.0722513	NA	village	node/4306748560
NA	قرقود شمال		30.5462002	20.1812328	NA	village	node/4306748561
Akasha,`Akashah,‘Akāshah	عكاشة		30.7060505	21.075457	NA	village	node/4307686544
Dal Cataract	شلال دال		30.5827246	21.0159107	NA	locality	node/4307686545
Dal	دال		30.5667466	20.983085	NA	village	node/4307686546
Ferka East	فريق		30.5786263	20.902662	NA	village	node/4307686547
Ferkinarti Island	جزيرة فريق		30.5714719	20.9012858	NA	island	node/4307686548
NA	ارقين		31.2913826	21.9964649	NA	village	node/4308098635
Abu Delelq	ابو دليق	أبو دليق	33.8087818	15.8990206	NA	city	node/4309767703
NA	حلة كوكو		32.5916895	15.6191394	NA	neighbourhood	node/4330833092
Gallabat	القلابات		36.149717	12.959376	NA	town	node/4339052110
Doka	دوكة		35.7606861	13.5234391	NA	town	node/4339061649
Shabasha,Shabashah	شبشة		32.2296602	14.1313712	16660	town	node/4343078091
Bau,Baw,Bāw,Darfung,Wisho,Wisko	باو		34.0650315	11.3351416	NA	village	node/4346558397
Wad Abok	ود أبوك		33.6393984	11.3694072	NA	village	node/4346594926
NA	دنقناب		37.2543174	21.1136256	NA	island	node/4356275965
Al `Azaza,Al ‘Azāza	عزازة		34.6404618	12.9629528	NA	town	node/4357440937
Nur Aj Jalil,Nur al Jalil,Nur el Galil,Nūr Aj Jalīl,Nūr al Jalīl	نورالجليل		34.6099826	12.9512621	NA	village	node/4357440938
Um `Aqrab,Um ‘Aqrab	أم عقرب	ام عقرب	34.6306034	12.9572846	NA	neighbourhood	node/4357440939
Um Dafuq	أم دافوق		23.2983173	10.4644562	NA	village	node/4415168339
Um Dafuq	أم دافوق		23.305641	10.4710955	NA	village	node/4415168340
Belatuma	NA		34.0015034	9.9602263	NA	village	node/4508059032
Katla	NA	NA	29.3159172	11.7619586	NA	village	node/4518855369
Julud	NA		29.4927428	11.7048732	NA	village	node/4520580038
Mesheitir	NA		24.6800208	9.8321796	NA	hamlet	node/4560940856
Umm Dul	NA		24.6349659	10.916506	NA	village	node/4560954368
Wad al Hulaywah	NA		36.0376494	14.2264489	NA	town	node/4585865965
NA	الشبيراب الخوالدة		33.1539459	14.3613906	NA	town	node/4663238347
NA	قرية النويلة		33.112661	14.4005191	NA	village	node/4663320484
NA	شرفت فلاتة		33.1470911	14.392618	NA	village	node/4663329936
NA	شرفت الخوالدة		33.1549496	14.3973133	NA	village	node/4663334506
NA	ودرعية		33.1652641	14.4124254	NA	village	node/4663343336
NA	زنقاحة		33.2121706	14.4055879	NA	village	node/4663343337
NA	ود الجمل		33.2297409	14.3825329	NA	village	node/4663343338
NA	ودربيعة		33.2517839	14.3333716	NA	village	node/4663343339
NA	الجبلية		33.216895	14.3339918	NA	village	node/4663343340
NA	ابراهيم عبد الله		33.2017165	14.3068344	NA	village	node/4663343341
NA	الحجاجاب		33.1900514	14.3154266	NA	village	node/4663343342
NA	حلة حمد		33.1914295	14.3475179	NA	village	node/4663343343
NA	الشبيك		33.1176905	14.4419877	1e3	village	node/4671934718
NA	الفريجاب حلة الشيخ		33.0083267	14.575317	NA	village	node/4671953413
NA	ام دوانة		33.0698147	14.5418864	NA	village	node/4671954799
NA	ام مليحة		33.0698785	14.5122841	NA	village	node/4671966915
Sawdiri	سودري		29.1026158	14.4122976	NA	town	node/4676946085
Famaka	NA	NA	34.7374236	11.3242283	NA	town	node/4776976166
Simiat	NA		24.878772	13.8018777	NA	village	node/4970303776
Sherifa	NA		24.5352293	14.1451412	NA	village	node/4970784522
Fanga	NA		24.2231825	14.3153009	NA	locality	node/4970784575
Dereisa	NA		24.1807832	14.4008608	NA	village	node/4970784693
Irgie	NA		24.1956565	14.3872448	NA	village	node/4970784709
Sangir	NA	NA	24.2124968	14.4007939	NA	village	node/4970784710
Funu	NA	NA	24.1935762	14.367558	NA	village	node/4970784711
Monguri	NA	NA	24.225828	14.3571105	NA	village	node/4970785263
Farmale	NA		24.3926572	14.1322599	NA	village	node/4984409728
Tarma	NA		24.3446455	14.1083363	NA	village	node/4984409775
Mistariha	NA		24.4109157	14.2274766	NA	village	node/5041260839
Gangara	NA		24.2698922	14.234797	NA	village	node/5041261119
Abarra	NA		24.464691	14.1073941	NA	village	node/5041289241
Damrat Dowa	NA		24.4948106	14.0546436	NA	village	node/5041289367
Ed Hussien	حي المطار		32.5332963	15.5873971	NA	suburb	node/5052304673
Kaguro	NA		24.3972471	13.450959	NA	village	node/5072495053
Guli Town	مدينة قلي		32.5983024	13.5104833	NA	town	node/5170992333
Tajalei	NA		28.586179	9.6702122	NA	village	node/5183790884
Akur	NA		28.4813744	9.3743041	NA	village	node/5183790885
NA	الثورة الحارة ٦٠		32.4842894	15.7095757	NA	neighbourhood	node/5189087259
Bala Ferash	NA	NA	24.3872349	14.4552249	NA	village	node/5201539338
Madi	NA		24.404474	14.4780228	NA	hamlet	node/5201539388
Tundaro	NA		24.4225606	14.5223517	NA	village	node/5201539393
Tomat	NA		24.3976075	14.4779802	NA	hamlet	node/5201539409
Fagus Abri	NA		24.4115764	14.4851697	NA	village	node/5201539603
NA	حي الهدى		32.5326571	15.6346162	NA	neighbourhood	node/5240141203
NA	ابو زعيمة		28.3950019	14.5788279	NA	town	node/5268002984
Hassanein plateau	NA	NA	25.0587844	21.9100821	NA	locality	node/5302064443
NA	السيالة القديمة		33.9724452	17.7117525	NA	neighbourhood	node/5343190207
Burri Allamab	بري اللاماب		32.5741575	15.6007404	NA	neighbourhood	node/5349507496
NA	أم جخخين		22.7180708	13.5350573	NA	village	node/5397275613
Al Fao	NA		34.091813	14.1075532	NA	town	node/5434620573
Irmi	NA		24.4116536	14.4685072	NA	village	node/5466888453
Nowra	NA		24.3857187	14.4716157	NA	village	node/5466888454
Sendo	NA		24.4275484	14.4916529	NA	village	node/5467273547
Sira	NA		24.4714236	14.4671471	NA	village	node/5467452747
NA	قرية الرشايده الحفاير		36.1757524	15.2184302	NA	village	node/5643982723
NA	قرية الرشايده ام لويه		36.2143524	15.2561919	NA	village	node/5699709410
NA	قرية كبري البطانه		35.9766693	15.0645569	NA	hamlet	node/5718160865
NA	كارثاغو		37.0086427	18.7612982	NA	village	node/5725564984
Karishī	كرشي	Karischi	24.388144	9.0903425	NA	village	node/5744363941
