nameAR	nameEN	altName	latitude	longitude	population	place	id
الخرطوم	Khartoum	Khartoem,ካርቱም,Xartum,Хартум,ཁར་ཏུམ།,C'hartoum,Kartum,خەرتووم,Chartúm,Khartum,Χαρτούμ,Ĥartumo,Jartum,Hartum,خارطوم,Kartûm,Cartúm,Khartún - الخرطوم,חרטום,खार्तूम,Kartoum,Kartúm,Խարթում,Cartum,ハルツーム,ხარტუმი,ಖಾರ್ತೂಮ್,하르툼,Xertûm,Khartumensis Urbs,Chartumas,Hartūma,Картум,खार्टूम,ခါတွမ်းမြို့,Khartom,Chartum,خرطوم,Khartuum,கர்த்தூம்,คาร์ทูม,خارتۇم,Al-Khartoum,喀土穆	15.593325	32.53565	2682431	city	node/27565117
قنتي	Ganetti		17.9738607	31.255919		village	node/75553735
الدبة	Al Dabbah	El Debba,Ad-Dabba	18.043988	30.95119	52000	city	node/75561491
دنقلا	Dongola	Dunqulah;Dunqula,Донгола,Al 'Urdi	19.1728506	30.4731589	13500	city	node/75562621
دبك	Dabak		16.1743104	32.5866564		village	node/90093539
	Goz Nafisah		16.2034044	32.5853968		village	node/90093776
	Wad AlBasal		16.2329943	32.6033076		village	node/90094057
	Qerri		16.2303572	32.6248082		village	node/90094971
	Hillat ed Dareisa		16.1311106	32.664934		village	node/90096106
ود رملي	Wad Ramli		16.0992818	32.5703486		village	node/90096121
	AlNukhaylah		16.1281423	32.5732668		village	node/90096719
	AlHakamab West		16.1151144	32.5488909		village	node/90097172
	Hawawit East		16.2666142	32.6980646		village	node/90098113
	Hawawit West		16.3005579	32.6604708		village	node/90099211
	Al Miseiktab		16.3392729	32.7018412		village	node/90099550
	Mideini		16.345862	32.728277		village	node/90099881
	AlHuqnah		16.3476328	32.6693328		village	node/90100057
	AlQuweiz		16.3562392	32.7016695		village	node/90100322
	Hajar al Asal		16.4695193	32.8429576		village	node/90102509
	Wad Hamid		16.484674	32.80192		village	node/90104994
	El Basaber		16.5166664	32.9446991		village	node/90105507
	Biryab		16.5692625	32.9425104		village	node/90106851
	Salawa		16.5465761	33.0885513		village	node/90108362
	AlZumah		16.5259854	33.130823		village	node/90108967
	El Ghadoora		16.506236	33.1390627		village	node/90109077
	Al Hawsh		16.6469065	33.3248003		village	node/90110842
	Al Salluab		16.6750283	33.2763918		village	node/90111660
شندي	Shendi	Schandi	16.6884963	33.432286		city	node/90112925
	Al Matammah		16.7095897	33.3569934		village	node/90114371
الشقالوة		"NA"	16.710709	33.4586962		village	node/90115181
	Hillat al Sheikh Al Tayiq		16.7411228	33.5931071		village	node/90116244
	Taragma		16.7425686	33.5415994		town	node/90116658
كبوشية	Kabushiyah		16.8927902	33.6942156		town	node/90118541
	Hillat el Mashaykha		16.8389071	33.6669214		village	node/90118744
	Qawz Burra		16.8742285	33.6267527		village	node/90119314
	Hillat ed Darqab		16.9322873	33.7099666		village	node/90124760
	Hillat el Karada		17.326247	33.7501772		village	node/90128919
	Ageida		17.2900277	33.7258013		village	node/90129206
	Gabati		17.2031378	33.7666567		village	node/90129651
	Kiteiyab		17.1736188	33.7168749		village	node/90130013
	Gabrab		17.1498361	33.7000521		village	node/90130354
	ukabrabiya		17.1196524	33.7048586		village	node/90130936
	Kimeir		17.0953706	33.6689814		village	node/90131023
	Zeidab North		17.4404303	33.8631304		village	node/90132018
	Zeidab East		17.3985912	33.8804014		village	node/90132660
	Zeidab East		17.4022679	33.8277682		village	node/90133206
الدامر	ad-Damer	ad-Damir	17.583018	33.9687021	20000	town	node/90135018
عطبرة	Atbara	Atbarah,Атбара	17.690719	33.98073	111399	city	node/90135276
	Syyalah		17.5330689	33.9040973		village	node/90135840
	Butri		15.4664844	32.6969924		village	node/90146993
	Baqayr AlWarrani		15.400752	32.7351435		village	node/90148570
	Al 'Aylafun		15.4336833	32.7245005		town	node/90149106
	Baqayr al Quddami		15.3749328	32.762781		village	node/90149197
	AlHudaybah		15.4164736	32.7488764		village	node/90149416
	الجديد ١	"NA"	15.3388468	32.7809771		village	node/90150262
	Jadid AlAtsha		15.3128544	32.7852686		village	node/90152102
مدينة جياد الصناعية	Giad Industrial Complex		15.3161657	32.8285273		town	node/90152580
	AlMasudiyah		15.3070594	32.8647478		village	node/90152968
	AlNuba		15.2908328	32.8983935		village	node/90158058
	Mahas Kutrang		15.2878522	32.9342707		village	node/90164530
	Al Masid		15.2560571	32.9747828		village	node/90165330
	Alti		15.2504263	32.9986437		village	node/90165802
	Um Maghat		15.2439671	33.032976		village	node/90166336
	AlTekeina		15.2156439	33.0647333		village	node/90166497
	Bashaqra West		15.1984163	33.0671366		village	node/90166990
	Bashaqra East		15.2315451	33.0844744		village	node/90167842
	Fadl		15.1984163	33.0822428		village	node/90167981
	Takala		15.1767141	33.1037005		village	node/90169210
ود راوة	Wad Rawah		15.1637911	33.1306513		village	node/90169573
	Wad at Turabi		15.1362857	33.1279047		village	node/90169925
	Kasambar		15.106125	33.1727083		village	node/90170296
الكاملين	Al Kamilin		15.0812654	33.1864413		town	node/90171779
	Brankaw		14.9746609	33.2660921		village	node/90171918
	Al Hilaliyah		14.9376772	33.2374247		village	node/90172676
	Abu 'Ushar		14.917773	33.2070406		village	node/90173492
	Ganneb		14.8477621	33.2736452		village	node/90173580
العك	Al Uk		14.8346533	33.2875498		village	node/90174656
	Al Junayd		14.7951991	33.3097475		village	node/90187378
	Al Hasahisa		14.7357306	33.2987078		town	node/90187514
رفاعة	Rufaah		14.7677692	33.3659991		city	node/90187942
وادي حلفا	Wadi Halfa	Вади-Хальфа	21.8005	31.350737	15725	city	node/100013911
	Sonki		21.176875	30.6776268		village	node/100016082
هجليج	Higlig		10.0256429	29.3856417		town	node/210348785
كادوقلي‎	Kaduqli	Kadougli,Кадугли,Кадуглі	11.0085934	29.7155751	92674	city	node/210360300
أبيي	Abyei	アビエイ	9.6044573	28.4334735		town	node/238610118
كوستي	Kosti	Кости,Кості	13.1521864	32.6725113	384000	city	node/248948488
	Al Wusa		13.0369908	32.5158539		village	node/248948627
	Um Hajar		13.0404534	32.4272788		village	node/248948635
	Um Hajlijah		12.9969623	32.2760296		village	node/248948641
	Abu Humayrah		13.0741907	32.2643513		village	node/248948647
	Salimah		12.9839427	32.0674386		village	node/248948652
تندلتي	Tandalti		13.009027	31.866068		city	node/248948657
	Al Fulah		12.949878	31.9250508		village	node/248948663
	Um Hujailijah		12.9875439	31.7865471		village	node/248948669
أم روابة	Umm Ruwaba	Um Rawaba	12.905825	31.2147916		city	node/248948675
الرهد	Al Rahad		12.7234142	30.6397248		town	node/248948680
الأبيض	Al-Ubayyid	El Obeid,Эль-Обейд	13.183366	30.222559	429000	city	node/248948689
	Um Duwainib		15.1418238	32.5686574		village	node/248966783
بورتسودان	Port Sudan	Bur Sudan,Port-Soudan,Porto Sudàn,Porto Sudão,Порт-Судан	19.619217	37.211709	489000	city	node/288510602
سواكن	Sawakin	Suakin	19.103071	37.331236	40000	city	node/288512635
نيالا	Nyala	Ньяла	12.0505098	24.8795115	566000	city	node/291449779
القضارف	Al-Qadarif	Gedaref,Al Quadarif,al Qadarif,Гедареф	14.040941	35.398832	354598	city	node/294865520
كسلا	Kassala	Kasala,Кассала	15.4521163	36.3771099	436000	city	node/300066939
ود مدني	Wad Madanī	Wad Madani,Вад-Медани	14.3965781	33.5309561	369733	city	node/300069794
الفاشر	Al-Fashir	Al-Faschir,El Fasher,Эль-Фашир	13.6238244	25.3555559	277000	city	node/300074306
الضعين	Ad Da'ein	El Daein,Ad-Du’ain,Ed Daein	11.4611731	26.1310939	240000	city	node/300076998
الدمازين	Ad-Damazin	Эд-Дамазин	11.8073636	34.3656298	213000	city	node/300077759
الجنينة	Geneina	Al-Junaynah,Эль-Генейна	13.4435	22.4452278	178000	city	node/300078547
المقرن	Mogran		15.6030902	32.5061151		suburb	node/312338791
	Er Roseires		11.863337	34.387746		town	node/321368128
سنار	Sennar	Sinja;Sennar al-Madina,Сеннар,Mok-waar	13.5424054	33.6103555	135581	city	node/321438810
مفرق سنار	Sennar Junction		13.5692729	33.5638353		town	node/321439070
ربك	Rabak		13.1844655	32.7398062	152711	city	node/321439793
شمال كردفان	North Kurdufan State	North Kordufan,North Kurdufan State شمال كردفان,Nord-Kurdufan,Kordofan du Nord,Северный Кордофан	15	29.9999999	1400000	state	node/321446174
البحر الأحمر	Red Sea State	Red Sea State البحر الأحمر,Rotes Meer,Mar Rojo,Mer Rouge,Mar Rosso,Mar Vermelho,Красное море,Röda havet	20	36	695874	state	node/321446175
القضارف	Al Qadarif State	Gedarif;Al Qadarif;Gadarif;Gedaref;Gederaf,Al Qadarif State القضارف,al-Qadarif,Al Qadarif,Гедареф	13.9758355	35.0850849	1400000	state	node/321446176
النيل الأبيض	White Nile State	Weißer Nil,Nil Blanc,Белый Нил	12.5	32.5	1400000	state	node/321446178
	West Kurdufan State	"NA"	12	28.5		historical_state	node/321446185
النيل الأزرق	Blue Nile State	An Nil al Azraq,النيل الأزرق Blue Nile State,Blauer Nil,Nil Bleu,Kék Nílus,Голубой Нил,Al Wilāyah al Wusţá,Zentral,Central State	11.9566972	34.122894		state	node/321446195
غرب دارفور	West Darfur State	West Darfur State غرب دارفور,West-Darfur,Darfour-Occidental,West Darfur,Западный Дарфур	13.4263009	22.6574884	1007000	state	node/321446198
ولاية نهر النيل	River Nile State	an Nīl, Nahr an Nīl,River Nile State ولاية نهر النيل,Nilfluss,Nil,Нил,Nilen	17.9984928	34.055823	9e+05	state	node/321446199
جنوب دارفور	South Darfur State	Dārfūr al Janūbīyah, Janūb Dārfūr,South Darfur State جنوب دارفور,Süd-Darfur,Darfour du Sud,Южный Дарфур	11	25		state	node/321446200
جنوب كردفان	South Kurdufan State	South Kordufan,South Kurdufan State جنوب كردفان,Süd-Kurdufan,Kordofan du Sud,Южный Кордофан	11	31	1100000	state	node/321446201
الشمالية	Northern State	الشمالية Northern State,Norden,Nord,Северный	19	30	6e+05	state	node/321446203
شمال دارفور	North Darfur State	North Darfur State شمال دارفور,Nord-Darfur,Darfour du Nord,Северный Дарфур	16	26	1583000	state	node/321446204
سنار	Sennar State	Sennar State سنار,Sannar,Сеннар	13	33.5	1100000	state	node/321446206
الخرطوم	Khartoum State	Khartum,Khartoum,Xertûm,Хартум	15.8359108	32.7476658	4700000	state	node/321446208
كسل	Kassala State	Kassala State كسل,Kassala,Кассала,Al Wilāyah ash Sharqīyah	16.0431989	36.0181112	1400000	state	node/321446209
	Wadi Al-Malik		18.2117005	30.7139936		locality	node/321458660
كتم	Kutum	Wadi Kutum	14.20312	24.661729	45000	city	node/321459449
طويلة	Tawilah		13.513868	24.8612293		town	node/321474738
زالنجي	Zalingei		12.9134096	23.4738132	27258	city	node/321481872
كاس	Kas		12.5058244	24.2859432		city	node/321484289
بابنوسة	Babanusah		11.3305456	27.8095803		city	node/321502878
المجلد	Muglad		11.0323699	27.7545176		city	node/321503273
السودان	Sudan	Soedan,ሱዳን,Sudán,sudan,Судан,Sudaŋ,সুদান,སུ་དཱན།,Soudan,ᏑᏕᏂ,Súdán,སུ་ཌཱན,Sudan nutome,Σουδάν,Sudano,Sudaan,سودان,Norðursudan,Sûdan,An tSúdáin,સુદાન,Yn Toodaan,Sudana,סודן,सूडान,Szudán,Սուդան,Súdan,スーダン,სუდანი,Sudani,ស៊ូដង់,ಸೂಡಾನ್,수단,سوٗڈان,der Sudahn,Sudania,Sudaani,Soedaan,Sudá,ຊູດານ,Sudanas,Sudāna,Sodan,സുഡാൻ,सुदान,ဆူဒန်,सुडान,ସୁଦାନ୍,Sudão,Davvisudan,Sudäan,සූඩානය,Suudaan,சூடான்,సుడాన్,ประเทศซูดาน,Sūteni,ma Sutan,سوڈان,Sudän,Orílẹ́ède Sudani,苏丹,Sūdān,i-Sudan,جمهورية السودان,Рэспубліка Судан,Republik Soudan,Δημοκρατία του Σουδάν,Republic of Sudan,Respubliko Sudano,Sudaani Vabariik,République du Soudan,Republik Sudan,Komara Sûdanê,Sudano Respublika,República do Sudão,Republica Sudan,Республика Судан,Република Судан,Republiken Sudan,Republika ng Sudan,Cộng hòa Sudan	14.5844444	29.4917691	39379358	country	node/424297973
الدانج	Dilling	الدلنج	12.0315831	29.6516649	59089	city	node/576348786
	Abu Sufyan		11.8937546	26.401794		town	node/667976356
	El Fuwela/Bueda		11.7756419	26.5135456		town	node/667976361
	Kafran Kualah		11.8065611	26.4167285		town	node/667976372
	El Sahab		11.7427024	26.3976741		town	node/667976374
	Badi		11.7042119	26.4551807		town	node/667976375
	Wad Belal		11.6860574	26.519897		town	node/667976377
	Hamouda		11.7237099	26.5569759		town	node/667976380
	Jabrona		11.7731211	26.6704441		town	node/667976382
	Kunjari		11.7448872	26.6793704		town	node/667976384
	Dalil Dokhry		11.8354607	26.7466617		town	node/667976400
	Monjar		11.8270599	26.8221927		town	node/667976404
	Futaha		11.7647185	26.8836475		town	node/667976437
	Shaq El Leyoun		11.8238676	26.9619251		town	node/667976469
هبيلة	Habila		12.6815542	22.5593433		town	node/696839744
	For Baranga		12.1241034	22.6080951		town	node/696840765
البيضاء‎‎	Beida		12.7123675	21.8920955		town	node/696842412
	Gobe		12.4416195	22.4532565		town	node/696850923
	Um Sangamti		12.4473189	22.5045833		village	node/696851626
	Abu Dahiya		12.7036598	22.4905071		village	node/696852241
	Tawang		12.7982565	22.4093112		village	node/696854181
	Sawani		12.8821083	22.3930034		village	node/696854923
الجديدة	Jedida		12.7862037	22.3449382		village	node/696856122
أرارا	Arara		12.7304518	22.1658954		town	node/696856666
	Masmaja		12.7759918	22.5171146		village	node/696857442
	Ior		12.6102004	22.6384792		village	node/696858055
	Sala		12.5203937	22.6673183		village	node/696858372
	Mangarsa		12.4049059	22.6779613		village	node/696859320
	Jimeza Nabakaya		12.0630054	22.5117931		village	node/696860429
	Haja Bakar		12.1387045	22.5109348		village	node/696861338
	Kasha		12.3852897	22.4439868		village	node/696865914
	Tundosa		12.3066423	22.4644145		village	node/696871484
دنقناب	Dunqunab		21.1050972	37.1184721		village	node/704031042
وادي حسمة عمر	Wadi Hesmet Omar	Wâdi Hesmet Omar, Wadi Hesmet Omar, Wadi Hismet Umar	21.783333	33.083333		locality	node/767969921
وادي الصحابة	Wadi al Sahabah	Wādī aş Şaḩābah, Wadi al Sahabah	22	31.366667		locality	node/768073825
نصب الهدرينة	Nusb al Hidirina	Nuṣb el-Hidirîna, Nusb al Hidirina	22	32.616667		locality	node/768074096
النوبة	Nubia	Nubia, Nubia,Nubie	20	32		region	node/768807730
فديمين القبلية	Fidimin al Qibliya	Fidîmîn el Qiblîya, Fidimin al Qibliya	20.383333	30.766667		hamlet	node/768807731
عتباي	Atbay	‘Atbāy, Atbay	22	35		region	node/768807825
العمارات	Amarat	العمارات Amarat,New Extension	15.5728003	32.5475348		suburb	node/952665742
المنشية	Manshiya		15.5941744	32.5796123		suburb	node/952665745
حي المطار	Hay al-Mataar		15.5977034	32.54289		suburb	node/981596171
امتداد ناصر	Nasir Extension		15.5917419	32.5654633		suburb	node/981596177
الديم	Diyum	Deims,الديوم	15.5727773	32.53391		suburb	node/981626829
السجانة	ALsajana		15.5777016	32.5268209		suburb	node/981641128
الحلة الجديدة	Hillat al-Jadida		15.5719703	32.5203732		suburb	node/981641131
المنطقة الصناعية الخرطوم	Light Industrial Area	Zone industrielle légère	15.5840229	32.5181818		suburb	node/981641135
الرياض	Riyadh		15.5835188	32.5677069		suburb	node/995288255
	Hay al-Safa		15.5910229	32.5593811		suburb	node/995288261
	Umara		15.6356207	32.4829743		suburb	node/995378723
	Masalama		15.6534618	32.4883807		suburb	node/995392527
	Hay al Arab		15.6539159	32.4820444		suburb	node/995392547
	Wad Nubawi		15.6560136	32.4920354		suburb	node/995392552
مايو	Mayo		15.4836158	32.549376		suburb	node/1100613539
كافوري 8	Kafouri 8	كافوري	15.635426	32.5776975		suburb	node/1107456718
سوبا اللعوتة			15.4926512	32.6300767		suburb	node/1137250434
سوبا غرب	Soba West		15.5026721	32.6450635		suburb	node/1137250435
	Gebel Belesagado		10.86667	34.95		locality	node/1150885878
	Herguanga		11.55	35.08333		locality	node/1150886637
	Ze`Ilan Wenz		10.31667	34.18333		locality	node/1150903241
	Bumbode		11.23333	34.95		locality	node/1150904733
	El Begaiya		12.66667	35.7		locality	node/1150908663
	Bolbole Wenz		10.53333	34.28333		locality	node/1150917047
	Zair		12.65	35.68333		locality	node/1150920482
	Komesha Shet'		10.41667	34.25		locality	node/1150934822
	Ganeberri		10.73333	34.78333		locality	node/1150936818
	Jebel Belangashe		10.8	34.86667		locality	node/1150947576
	Jabal Oss		10.05	34.23333		locality	node/1150973472
	Casciangaro		10.9	34.6		locality	node/1151004669
حي القوز	Gooz		15.5696915	32.5149256		suburb	node/1246405898
	Rumiela		15.57001	32.5084725		suburb	node/1246405899
	Jeref West		15.5694263	32.58181		suburb	node/1246409436
اركويت	Arkaweet		15.5589542	32.5701715		suburb	node/1246409437
	Jabra		15.5269748	32.5147122		suburb	node/1246409439
	Garden City		15.6109328	32.5669111		suburb	node/1272551131
	Umm Baddah		15.6527206	32.4381441		suburb	node/1272567929
الخرطوم ١	Khartoum 1	الخرطوم 1	15.5901543	32.5414206		suburb	node/1405605485
المعمورة	Maamoura		15.5452588	32.5759243		suburb	node/1410710400
الطائف	Al Taif		15.5672228	32.5707987		suburb	node/1410710401
	Abbas Island		13.3272393	32.6084878		island	node/1541500059
	Karari		15.7936066	32.5303962		village	node/1580700723
مروي	Merowe		18.4811972	31.8171688	10000	city	node/1620604084
ارقو	Argo		19.5269115	30.4203725	7716	town	node/1789680555
الكرمك	Al Kurumuk	al Kurumuk	10.556617	34.2849452		town	node/1795209723
	Dalil Babikir		11.8472324	26.6698306		town	node/1820997112
	Niser		20.3572975	30.5068861		village	node/1834967844
مليط	Mellit	Malit	14.1394199	25.5504429		city	node/1870260644
الخرطوم 2	Khartoum 2		15.5901497	32.535677		suburb	node/1870728179
نادي الاسرة			15.5871428	32.5277806		suburb	node/1870728180
وسط مدينة	Downtown		15.6023198	32.5266471		suburb	node/1875207300
امري الجديدة القرية 3			18.1072618	31.6282551		village	node/1886583995
	Al-Madina Arab		14.3595329	33.310028		town	node/1888319953
دلقو	Delgo		20.119244	30.559885		town	node/1895872571
أبو جبيهة	Abu Jibeha	Abu-Gebeiha,Абу-Губейха	11.4646721	31.2339838		city	node/1895967608
كبكابية	Kebkabiya	Kebkebiya,كبكابية (Kebkabiya)	13.650321	24.0902512		town	node/1911154943
أبو حمد	Abu Hamad		19.5378928	33.3248471		city	node/1950229972
كريمة	Karima		18.545128	31.847617		town	node/1956274629
واوا	Wawa		20.4847488	30.3304959		village	node/1958037325
عبري	Abri		20.7930384	30.3406751	40000	city	node/1958038093
كرمة	Kerma		19.593098	30.4091017		city	node/1958047978
كبدي	Kabodu		19.7282684	30.3844337		village	node/1958080920
ابو فاطمة	Abu Fatma	اشكان,أشكان	19.6877621	30.4046384		village	node/1958085269
	Elkumor		14.2816875	33.3956827		village	node/1968423445
أم بادر	Umm Badr		14.23656	27.938155		town	node/1971661697
اللعيت جارالنبى	Ailliet		11.9596801	27.0482686		town	node/1977579557
أم كدادة	Umm Kadadah		13.6002208	26.6892786		town	node/1977584722
الدويم	Ed Dueim		13.997187	32.30946		city	node/1977780575
أم درمان	Omdurman	Omdurmán,Omdourman,Омдурман	15.6445536	32.4777311	2395159	city	node/1980789690
	Sigili		13.3773495	25.6343676		village	node/2004479946
الموردة	Al-Murada		15.6291316	32.4880867		suburb	node/2030895241
	Al-Omda		15.6597847	32.4869682		suburb	node/2030895248
	Arda South	"NA"	15.6383043	32.4711936		suburb	node/2030895249
	Beit al-Mal	"NA"	15.6497815	32.4982781		suburb	node/2030895251
	Wad al-Bana	"NA"	15.654531	32.4979225		suburb	node/2030895252
	Omdurman Industrial Area	"NA"	15.6645371	32.4674363		suburb	node/2030895253
	Kasakana		19.9456759	30.4172218		village	node/2045158918
توندي			20.2935364	30.5738615		village	node/2045158940
	Unknown		20.2561875	30.5723321		village	node/2045158966
	Unknown		20.3226235	30.5379815		village	node/2045159085
	Unknown		20.3420619	30.5195112		village	node/2045159094
	Unknown		20.4106642	30.3503878		village	node/2045159096
الحفير	Hafir		19.5935138	30.3641262		village	node/2045245603
	Koya		20.340739	30.3872513		village	node/2045308555
تمبس	Tumbus	Toumbous	19.7105982	30.3966945		village	node/2045308599
كجبار	Kagbar		19.9451844	30.5310713		village	node/2046694684
دفوي	Defoi		19.9468334	30.4552003		village	node/2046719657
قرقود	Gorgod		20.1590864	30.5482636		village	node/2046794370
حميد	Hamid		20.6459944	30.2981027		village	node/2046794371
كوكا	Koka		20.0379169	30.5754594		village	node/2046794552
سيسة	Sese		20.1234552	30.548278		village	node/2046794594
مركول تبج			19.9519791	30.3320215		village	node/2047277627
طوكر	Tokar	Tawkar,Токар	18.4303582	37.7339322		town	node/2050431482
ود مزمل	Wad Muzammil		14.2642892	36.539718		town	node/2050780659
	Akasha		21.0829565	30.7084659		village	node/2052101195
جبل اولياء	Jebel Aulia		15.244386	32.509082		town	node/2056566800
واحة سليمة	Oasis Salima		21.3685578	29.3158018		locality	node/2072860266
دندرو	Dindiro		11.4676512	34.1684771		village	node/2075327576
	Baluul		11.6618225	29.2455211		village	node/2076077875
	Mariyam		11.6644273	29.2205703		village	node/2076077894
	Thuma		11.6830931	29.2215668		village	node/2076078101
	As Salamat		12.5951254	30.3506592		town	node/2082551486
توداج		"NA"	9.7347526	28.473029		village	node/2082554596
	Al Thawra 5		15.6814486	32.4885406		neighbourhood	node/2084480909
	Meriam	"NA"	10.1464796	27.689925		town	node/2090839794
	War Guit		9.8239705	27.5220694		village	node/2090866452
أم دخن	Um Dukhan		11.1381512	22.9640183		town	node/2096690140
	Murnei		12.9497506	22.8729194		town	node/2104175124
الكلاكلة القبة			15.4697065	32.4687914		town	node/2105691425
	Ghaliya		15.8040012	32.4114167		suburb	node/2107205846
	Al Busta South	"NA"	15.6435489	32.4809834		suburb	node/2107828778
	Arda North	"NA"	15.6449246	32.4731657		suburb	node/2107828779
المناقل	Al Managil	al Manaqil,Al Manaqil,Эль-Менакил	14.2467437	32.9858537	128000	city	node/2116631186
	Saraf `Umrah	"NA"	13.4729593	23.3035085		town	node/2126487382
	Jeref East		15.5829481	32.5980618		suburb	node/2137581851
	Heiban		11.2158464	30.5117104		town	node/2144606237
	Dallami	"NA"	11.861891	30.4683414		town	node/2145231896
أكوك	Agok	أكوك Agok	9.3494096	28.5804778		town	node/2146403255
	Habila		11.9507788	30.0198347		town	node/2146403256
تلودي	Talodi		10.6326436	30.3793795		city	node/2146406946
	Tungaru		10.2325366	30.6929286		town	node/2146406956
	Mafluh		10.7276236	30.3846823		village	node/2146809994
ام دبيكرات	Umm Dibekrat		12.8880549	32.3196553		village	node/2148161498
	Um Inderaba		15.1754859	31.8861753		village	node/2148335055
العباسية	Al ‘Abbāsiyya		12.1640649	31.3032428		town	node/2150777648
	Kalogi		10.8577778	30.9841667		town	node/2151753467
رشاد	Rashād		11.861856	31.049733		town	node/2151757926
كاودة	Kauda		11.0622146	30.5542787		town	node/2153191077
دفرا	Diffra	دفرا Diffra	10.0382462	28.3990591		village	node/2177423626
كلي	Goli	كلي Goli	9.833356	28.4795023		village	node/2177436762
الجزيرة	Al Jazirah	Al Jazirah الجزيرة,al-Dschazira	14.6671537	33.222361		state	node/2222526729
	Om Sarieh		18.8380344	32.2545277		village	node/2251317254
الحامداب الجديدة القرية 2			17.9347849	31.1840594		village	node/2261096995
الحامداب الجديدة القرية 3			17.9442847	31.124008		village	node/2261097271
امري الجديدة القرية 2			18.1301029	31.6830352		village	node/2261097452
امري الجديدة القرية 4			18.0299209	31.5624483		village	node/2261097885
امري الجديدة القرية 5			17.9940062	31.6462148		village	node/2261100928
امري الجديدة القرية 1 الادارية	القرية الادارية امري الجديدة		18.1697305	31.6457641		neighbourhood	node/2261100933
	Dam Workers Town		18.6454506	32.0586477		village	node/2261104081
الملتقى	el-Multaga		17.9729417	31.2288037		town	node/2261259233
	Gharama		11.5061811	29.0208678		village	node/2269573574
لقاوة	Al Lagowa		11.4026179	29.1266763		town	node/2269613906
	Jadidah		11.6444421	29.1048967		village	node/2271549231
	Abu Haraz		19.0611161	32.1611617		village	node/2278157126
	As Sultan		11.6217729	29.126985		village	node/2279511401
	Kaya		11.6703034	29.2503803		village	node/2281878551
	Kereeker		11.6799169	29.2531821		village	node/2281878552
	Kudaada		11.6715555	29.2201436		village	node/2281878553
اشو			19.7442793	30.3660535		village	node/2284860625
ساتي نصر			18.4808654	30.715912		neighbourhood	node/2284860658
	El Amarin		19.1631188	32.5612115		hamlet	node/2294339537
	El Kora		19.1700405	32.6653712		hamlet	node/2294339538
	Umm Dueima		19.2242657	32.6933482		hamlet	node/2294339539
	Umm Saiyal		19.2764303	32.7070049		hamlet	node/2294339540
	El Heibah		19.2103462	32.6896146		hamlet	node/2294339541
	El Heleiba		19.1637554	32.6504876		hamlet	node/2294339542
	El Kab		19.293413	32.7156754		village	node/2294339543
	Umm Belgi		19.2411429	32.6933321		hamlet	node/2294339544
الحماداب	Hamdab		18.6087095	32.039648		village	node/2294364845
	El Harraz		19.0335036	32.4344566		hamlet	node/2298054782
	Kaweina		19.1616679	32.5709645		hamlet	node/2298895446
	Kereiti		18.9751096	32.4376799		village	node/2300250459
	Ed Debab		19.0237161	32.4711229		hamlet	node/2301293384
	El Guni		19.0275754	32.4575986		hamlet	node/2301293451
	El Kuhula		19.0376873	32.5036039		hamlet	node/2301293457
	Essajani		19.0440153	32.5042128		village	node/2301293463
	Umm Ghafur		19.0243698	32.4591809		village	node/2301293474
	El Kararir		19.0512669	32.5054865		hamlet	node/2301367873
	Garfaur		19.0957701	32.5048428		hamlet	node/2301367916
	Wed Ibrahim		19.0940519	32.5270035		hamlet	node/2301367936
	Walad Sabir		19.0880193	32.5167199		hamlet	node/2301367944
	Asabrab		19.0811855	32.5109156		village	node/2301367993
	Ed Dabba		19.0672284	32.4976438		hamlet	node/2301368012
	El Midaimir		19.1016407	32.5314409		village	node/2301368117
	As Suweigat		18.9273556	32.2906646		hamlet	node/2305703243
	Kidr		19.1280586	32.5444546		hamlet	node/2313976470
	Ras el Jezira		19.1171722	32.5429084		hamlet	node/2313990317
	Klilabia		19.108674100000002	32.5204729		hamlet	node/2313990318
	El Haraz		19.1199198	32.5362994		hamlet	node/2313990319
	Atoia		19.1087683	32.539679		hamlet	node/2313990320
	Aluba		19.108931	32.5269455		hamlet	node/2313990321
	El Baragub		19.1048295	32.5213312		hamlet	node/2313990322
	Ed Dom		19.1043505	32.5181823		hamlet	node/2313990326
	Kuka	"NA"	13.6466105	23.0251888		village	node/2363012953
	Muzbat	"NA"	15.2056216	24.2482471		hamlet	node/2363012954
النهود	En Nahud	An-Nahud,Эн-Нахуд	12.692159	28.422103		city	node/2373597402
ود بندة	Wad Banda		13.0931468	27.9432003		city	node/2373597639
بارا	Barah		13.6968325	30.3703697		city	node/2374654672
	Bara		13.8924984	30.3787043		village	node/2374654799
	Menawashei	"NA"	12.6915234	24.994663		town	node/2385330277
	Um Dawaban		15.4304883	32.8342957		suburb	node/2420184472
	Abu Shouk		13.6702342	25.3490977		suburb	node/2430717820
	Al Salaam		13.6734867	25.370255		suburb	node/2430717821
	Wad Alhabil		15.1117854	32.5887128		village	node/2467548863
	Habib Allah		15.1468126	32.5320216		village	node/2467550982
	Om Mongar		15.1558015	32.5456472		village	node/2467550983
الشيخ اليعقوب	AlSheikh AlYagout		15.157707	32.5043627		village	node/2467550984
	Al Rasheed		15.2575452	32.5640846		village	node/2467592799
خشم القربة	Khashm El Girba		14.958192	35.89471		town	node/2487361789
معسكر الشجراب 3	Shagarab III Refugee Camp		14.7121387	35.9702582		town	node/2487367426
معسكر الشجراب 1	Shagarab I Refugee Camp		14.7629115	35.9821977		town	node/2487367449
معسكر الشجراب 2	Shagarab II Refugee Camp		14.7440844	35.9729141		town	node/2487367659
	Basunda		12.9860148	35.8448186		town	node/2522054333
نلوة	Nilwa		20.5422141	30.3000057		village	node/2529214633
قبة سليم	Qubbat Selim	أدي فار	20.5627936	30.2862377		village	node/2529214637
	Dhopu		10.62481	29.9429692		village	node/2550728221
	Todhoro		10.6940907	30.0137242		hamlet	node/2550728869
	Togaro		10.7092854	30.0748023		village	node/2550728872
	Tolape		10.7060787	29.971626		village	node/2550728874
	Topalla		10.6822013	30.0559408		village	node/2550728877
	Tosari		10.6655745	30.0276691		village	node/2550728880
بورام	Buram		10.8616617	25.1583291		city	node/2574072000
الروتروتايا	Er-Rutrutaya	Эр-Рутрутая	9.8279866	24.5589951		town	node/2574095009
	Khayr Wajih		10.7700727	24.6074829		town	node/2574095014
	Sherab		10.7135645	24.7081349		town	node/2574095017
	Um Danga		10.9508798	24.5773199		town	node/2574095218
	Rahad al-Bardi	"NA"	11.3026464	23.88428		town	node/2574098107
أم حجار	Umm Higar		9.4939687	24.5210091		town	node/2574155905
كافيا كنجي	Kafia Kingi		9.2729483	24.4164673		town	node/2574158593
	Rahad-Angatu		10.2895436	24.9036874		town	node/2575330355
	Al Fifi		10.0373806	25.0241508		town	node/2575345363
	Abu Gudul		10.6947143	25.0617142		town	node/2575457120
	Uma Cocab		9.9821239	24.9918169		village	node/2575457222
	El Aburu		9.8985539	24.9412627		town	node/2575457245
	Umm Digulgulaya		10.3901178	24.9325439		village	node/2575457367
	Mandi		10.8923054	30.5056401		village	node/2575810423
	Abu Ajura		11.5887258	24.6716118		town	node/2576501547
	Nyertete		12.964356	24.0436599		town	node/2580426369
	Dibbis		12.8554259	24.1134914		town	node/2580426371
	Sisi		13.1909231	22.7402454		village	node/2580440913
	Gereida	"NA"	11.2811075	25.1414136		town	node/2585787717
	Tulus		11.0931843	24.5306934		town	node/2585974793
	Ed Al Fursan		11.5111217	24.3138183		town	node/2585974855
	???		11.4229209	24.4725433		village	node/2585985225
	Abu Sellala		11.2165792	24.711732		town	node/2586028980
	Al Marwahah		11.4833832	24.5773426		town	node/2586034274
	Jidad		11.0999988	24.7521497		town	node/2586084493
	Abu Ajala		11.6126766	24.6643535		town	node/2586143089
	Katayla		11.1938466	24.3972698		town	node/2586173429
	Barbari		11.1231118	24.4161204		village	node/2586173453
	As Sumayh		9.6848385	27.7701557		town	node/2590105444
ماكو			13.5102105	22.6742679		village	node/2592451546
قولى	Guli		11.7190787	33.4914643		town	node/2597929648
بوط	Bout		11.4210555	33.385474		city	node/2597933459
رادوم	Radom		9.8253383	24.8469162		town	node/2600826445
	Samaha		9.7388355	26.8144936		locality	node/2605745157
	Kiir Adem		9.7321528	26.8153339		village	node/2605745298
يابوس		"NA"	9.9485508	34.1728997		village	node/2618181267
	El Fil		9.9604604	34.0280503		village	node/2618181390
	Quraywid		12.5972051	28.2829298		village	node/2635114464
	unkown		12.4609521	24.7178874		village	node/2648936883
	Menawashei		12.3986355	24.9808481		town	node/2648947351
المزموم	Al Mazmūm		12.2724838	33.5408281		city	node/2655669111
القرابين	Garabin		12.1159815	33.8163017		city	node/2655669439
اقدي	Agadi		11.8056389	34.0754246		city	node/2655669549
	Tuwal		11.0994098	23.8874911		town	node/2658646293
	Shergeila		11.1197542	24.9168234		town	node/2660513792
	Al Malwi		10.9164204	24.9194847		town	node/2660513983
	Kubbi		11.1140483	25.2946072		town	node/2660547450
	Al Akhdar		10.5935059	25.2079182		town	node/2660610562
كركور طلح	Karkour Talh	كركور طلح Karkour Talh	21.9632755	25.1323038		village	node/2663063645
سالي	Sali		10.7774504	34.1889582		village	node/2670524844
	Ragag		10.9245009	24.7071488		town	node/2670850995
ولاية شرق دارفور	East Darfur State	East Darfur State ولاية شرق دارفور,Ost-Darfur	11.2231983	26.5858041		state	node/2691764712
	Squre1 Emtidad Shambat		15.6699717	32.537856		neighbourhood	node/2810302022
	Maktab Ziraai		15.3439708	35.6598012		village	node/2828428835
حلفا الجديدة	New Halfa		15.3202459	35.6037885		town	node/2828441938
	Qaryah Thalāthan		15.1830649	35.7229501		village	node/2828441949
	Qaryah Ithnān		15.1515678	35.6939147		village	node/2828441963
القرية 18	Qaryah Thamānīvata ‘Ashar		15.3582385	35.6408536		village	node/2828442064
	Qaryah Tis‘ah		15.2459923	35.6536601		village	node/2828442097
	Qaryah ‘Asharah		15.258078	35.702929		village	node/2828442113
	Qaryah Thamānīyah		15.2075855	35.6129964		village	node/2828442147
	Qaryah Khamsah		15.1931529	35.645592		village	node/2828442160
	Qaryah Ithnā ‘Ashar		15.2855675	35.6695387		village	node/2828442164
	Nukhaylah		19.0431493	26.3134976		locality	node/2858257664
تينا	Tina		15.0177073	22.8185665		city	node/2932393524
	Basao		15.0187116	22.9571302		village	node/2932411774
	Al-Kadaro		15.7493578	32.5635148		neighbourhood	node/2941445407
	Osaylat		15.3750723	32.8629368		village	node/2952083273
تمبول	Tambool		14.9267897	33.422566		city	node/2955411569
	Mabrouka		14.9208624	33.4502341		village	node/2955465395
	Kirayat		14.9294462	33.455856		village	node/2955465396
	Al-Aboudab		14.9095412	33.4446551		village	node/2955496048
	Wad Alfadul		14.997932	33.3746602		village	node/2955530687
الخوجلاب	Al-Khojlab		15.8100816	32.5602461		village	node/2956991062
الفكي هاشم	Al-Faki Hashim		15.8357733	32.5567915		village	node/2956991066
	Marinjan		14.3421683	33.533451		neighbourhood	node/2961037410
	Al-Dubaseen		14.3422723	33.5425244		neighbourhood	node/2961037411
	Um Sunut		14.3300491	33.559948		village	node/2961037416
	Hilat Hassan		14.3482043	33.5390021		neighbourhood	node/2961037421
	Um Dagarsi		14.9860807	33.2305066		village	node/2961152170
بانت	Banat		14.7532099	33.4089083		village	node/2965669718
	Al-Tarajmah		14.7845613	33.4230811		village	node/2965698482
	Sifaita Al-Ghanoumab		14.7388097	33.3246543		village	node/2965727841
جبيت	Jubayt		18.952248	36.834481	30000	city	node/2971608212
كارورا	Karora		17.7039112	38.3647389		village	node/2971808069
سنكات	Sinkāt		18.8379764	36.8364825		city	node/2983364451
	Al-Faragin		15.1930916	32.7586535		village	node/3013744330
	Alsidaira		15.1532515	32.8168403		village	node/3013756423
	Habiba		15.2573595	32.7148777		village	node/3013756424
	Alsidaira West		15.175946	32.7937518		village	node/3013756425
	Kab Algidad		15.1306291	32.8717719		village	node/3013756426
قرية الكريبة	AlKaraiba		14.4119355	33.4635288		village	node/3027041964
	Al-Muhandiseen		15.6150589	32.4654558		neighbourhood	node/3053058257
نفق بري			15.6080914	32.5451295		locality	node/3068931397
الحواتة	El Hawata	Al Hawatah,Al Hawwata,Al Ḩawātah	13.4176259	34.6336766		city	node/3121562429
بيكة	Beika		14.4044404	33.4279459		village	node/3125639975
	Mahala		14.413235	33.3703264		village	node/3125670748
	Al-Talha		14.4103764	33.3526367		village	node/3125718260
	Aboud		14.2295514	33.1317858		village	node/3125745999
	Korma		13.8533114	24.7517392		village	node/3134284970
	Qal‘at Takārīr		13.4897117	35.1142257		village	node/3136143945
	Ardeba / Marenji		9.9613692	33.9971066		hamlet	node/3151955874
	Birkat Saira		13.5667191	23.4433697		town	node/3154245577
	Jirewa		11.8351336	33.5201854		town	node/3160805777
دربات	Deribat		13.0808649	24.5194655		town	node/3170505535
كيلك	Keilak		10.832651	29.3507214		town	node/3182058113
	Um Hashīma	"NA"	11.3565729	31.3996653		village	node/3200570796
	Tajmala	"NA"	11.597999	31.0971098		town	node/3200632462
هيا	Hayya	Haiya	18.3329475	36.3860147		town	node/3201578820
	Kortala		12.0842896	30.3080189		town	node/3202095244
	Bābikri		12.9956592	35.7647669		town	node/3207135813
	Balinga		10.9108359	29.7572881		hamlet	node/3226496562
	Khamdi		13.6393641	25.2401073		village	node/3226845952
	Shagara Abu Bakr		13.6024861	25.2254108		village	node/3226846012
	Malha Wells		15.0935129	26.1585109		town	node/3246118934
	Hillat Al Sifayah		15.6696228	35.5039315		village	node/3248749661
	Hillat Qeli		15.6288456	35.5132379		village	node/3248749662
	Hillat Rerah		15.6481513	35.4445191		village	node/3248749663
	Madīnat al Masna’a		15.4793243	35.5516509		town	node/3248749664
	Qaryah Ahada ‘Ashar		15.2502206	35.5973186		village	node/3248749665
	Qaryah Arba‘ah wa ‘Ishrūn		15.3957858	35.5397489		village	node/3248749666
القرية 14	Qaryah Arba‘ata ‘Ashar		15.3137531	35.6394975		village	node/3248749667
	Qaryah Ithnān wa ‘Ishrūn		15.4168295	35.6128001		village	node/3248749668
	Qaryah Sab‘ah		15.2221518	35.7398746		village	node/3248749669
	Qaryah Sittah Arab		15.2491169	35.5048215		town	node/3248749670
	Qaryah Sittah		15.2099489	35.6826242		village	node/3248749671
	Qaryah Sittata ‘Ashar		15.3363018	35.5548983		village	node/3248749672
القرية 13	Qaryah Thalāthata ‘Ashar		15.2802847	35.625536		village	node/3248749673
	Qaryah Wāhid wa ‘Ishrūn		15.3783033	35.5812876		village	node/3248749674
	Qaryah Wāhid		15.1402151	35.7255329		village	node/3248749675
	Qaryah ‘Ishrūn		15.3804286	35.50486		village	node/3248749676
	Borida		15.0585089	33.5562093		village	node/3248785074
	Umm Ḩujayrah		15.1048634	33.4681513		village	node/3248785075
	Wad Azraq		15.054004	33.622268		village	node/3248785076
	Wad Ḩamadnā Allāh		15.0523263	33.5881601		village	node/3248785077
سيدون	Sidon	Sidon?	17.3290026	34.439191		village	node/3258640623
	Al Amīn		12.1952511	28.0301923		village	node/3271746702
	Ya‘qūb		11.1277264	29.3175706		village	node/3273648944
	Al Kuraynik		13.3674856	22.8916753		village	node/3276835447
	Hajar Tama		13.1632103	22.9825788		village	node/3276835448
	Kongi		13.3791576	23.1083985		village	node/3276835449
	Umtajok		13.4208997	23.0738882		village	node/3276835450
	Watsani		13.5212061	23.1626588		village	node/3276835451
	Al Ahmar		11.9041339	33.6348019		town	node/3302165659
	El Barun		11.7307723	33.4905664		town	node/3302165660
	Fash Shār		11.8461914	33.5957956		hamlet	node/3302166061
	Jammām		11.8351	33.5958		village	node/3302166072
	Quli		11.7362036	33.5106004		town	node/3302166581
	Qumur		11.9178	33.6205		village	node/3302166582
	Rūru		11.8996939	33.655639		town	node/3302166583
	Sheikh Idris		11.7188779	33.5014032		village	node/3302166584
	Balos		13.3760343	34.9527455		town	node/3302642511
	Bān		13.4290527	34.9130543		town	node/3302642512
	Mugdeit		13.4095103	34.905692		village	node/3302642513
	Qurein		13.5246059	34.782541		town	node/3302649310
السوكي	El Suki	As Suki	13.3246176	33.8904559		city	node/3310640105
	Banasu		13.0363604	33.9791361		village	node/3310800434
	Meina Al Mak		13.1664841	33.9577577		village	node/3313215530
سنجة	Singa	سِنْجَة,Sindscha	13.1440522	33.9283527		city	node/3313215531
	Dontai	"NA"	12.8946748	34.0231116		village	node/3313226944
	Karkoj		12.9374426	34.0207841		village	node/3313226945
	Merau	"NA"	12.8498361	34.0712504		village	node/3313250961
	Barankwa		12.753602	34.1538705		village	node/3313263698
	Qindil		12.6719724	34.1523341		village	node/3313263699
ود النيل	Wad an Nail		12.513909	34.1123314		city	node/3313277604
الدندر القويسي	Al Quwaysi	El Quwaysi,الدندر ,القويسي	13.3342503	34.0869653		city	node/3313281455
	Al Farajab		15.1927214	32.6405073		village	node/3328485243
	Wad Alkireil		15.1149703	32.4952474		village	node/3328488471
	Al Shukaba		15.1295927	32.4849456		village	node/3328488472
القطينة	Al Qutaynah		14.8762914	32.3703723		village	node/3328504630
بربر	Berber	Barbar	18.0263236	33.9925728		town	node/3395842948
أروما	Aroma		15.8099977	36.1365693		city	node/3396917409
	Hamaschkorieb		16.1572481	36.2029698		town	node/3398735314
الدندر	Ad Dinder		13.2644829	34.1429258		town	node/3414404893
حمرة الشيخ	Hamrat El Sheikh		14.6383993	27.9744818		town	node/3424207593
	Manasis		11.2233326	25.4520569		town	node/3483041517
	Yabus Gaba		9.959348	34.1106023		village	node/3495256432
	Silea		13.9993583	22.6196776		village	node/3601705803
	Hilat Abbas		14.3210458	33.5811275		village	node/3741208432
	Alshukaba Alwihda		14.2944527	33.5692373		village	node/3741233470
العمارة الجديدة	Alamara Algadida		14.7395755	33.3970693		village	node/3792609143
ود رحوم	Wad Rahoom		14.734263	33.3865121		village	node/3792615900
العوايدة	Al Awaida		14.7164052	33.4290369		village	node/3792619004
أبوجلفا	Abu Jalfa		14.7253187	33.4811405		village	node/3792619006
الهبيكة عكود	Al Hibeika Akoud		14.6740738	33.4011033		village	node/3792619157
الهبيكة	Al Hibeika		14.674572	33.4206727		village	node/3792619158
العريباب	Al Ereibab		14.6941664	33.402734100000004		village	node/3792619159
العزيبة	Al Ezayba		14.777921	33.3254865		village	node/3792637976
	Bebnis		11.5920695	33.18807		village	node/3800456063
	Yunis		14.6336874	24.7344371		locality	node/3803165332
	Bazora		13.1049872	34.9323872		town	node/3803360022
الشلال الثاني	Nile 2nd. Cataract		21.4791158	30.9557824		locality	node/3942678356
	Nile 3rd. Cataract		19.817968	30.3054636		locality	node/3942678557
الشلال الرابع	Nile 4th. Cataract		18.6661277	32.0529132		locality	node/3942678558
	Nile 5th. Cataract		17.6823526	33.9663484		locality	node/3942678559
الشلال السادس	Nile 6th. Cataract	شلال السبلوقة	16.286146	32.6696875		locality	node/3942678560
بوزي			12.4723251	33.4817873		town	node/3992138474
	Abusalik		12.0745355	33.7967431		village	node/3992179261
الدالي	Ad Dali,Ad Dāli		12.866116	33.4133374		city	node/3992349935
الجبلين	Aj Jabalen,Al Jabalayn,El Jebelein,Jebelein,aljblyn		12.5949867	32.8088318		city	node/3992374366
	Abu Gaw		11.7714015	33.1953253		hamlet	node/3993555813
	Wedabok		11.3696821	33.6404403		city	node/4002925136
	Buk		11.5347292	33.8540954		town	node/4002925793
	Tishwin		9.7723339	29.5175803		village	node/4012177956
كلبس	Kulbus	Koulbus,كلبُس	14.3657155	22.4614296		town	node/4019105282
	Sumayah		9.8504915	27.7908315		locality	node/4034442967
القولد	Al Goled		18.5046499	30.6330833		city	node/4116845005
كولب	Kulb,Kulb East,Kulba		21.0520281	30.6651379		village	node/4154121116
كويكة	Kowikka	كَوِكَّة	20.6848244	30.3381502		village	node/4156143767
أرودين			20.6692785	30.3144802		village	node/4157499479
صيصاب			20.7526534	30.31963		village	node/4157499480
عدو		"NA"	20.7219902	30.3445638		village	node/4157499481
موركة			20.7192041	30.3142559		village	node/4157499482
عبود			20.639493	30.3198436		village	node/4157525630
جزيرة نولتي	nolwata		20.6413161	30.3042541		village	node/4158218505
أبوراقة			20.6018232	30.2845372		village	node/4158218506
تبج			20.7726792	30.3276778		village	node/4158218507
توشكى			20.7240893	30.3041897		village	node/4158218508
جزيرة ارنتى			20.8186662	30.3534807		village	node/4158218509
جنس			20.8175229	30.4893131		village	node/4158218510
عطب			20.8200701	30.4398317		village	node/4158218511
عمارة			20.8090888	30.3799701		village	node/4158218512
كوشة			20.8294362	30.5424208		village	node/4158218513
أشيمتو			20.5029099	30.3314849		village	node/4160014618
إرو		"NA"	20.5259712	30.331721		village	node/4160014619
صواردة			20.5654334	30.3045127		village	node/4160014620
مسيدة			19.893946	30.3899179		village	node/4161837889
جزيرة اردوان			19.9254046	30.3594402		village	node/4161885162
الكاسورة	Al Kasowrah		19.1605355	30.5107511		village	node/4163207089
ام دوم	Umm Dawm		15.5362402	32.628427		suburb	node/4181443345
صلب	Soleb		20.4723466	30.3123373		village	node/4187344105
بركية	Berkia		19.5478871	30.3894959		village	node/4196260420
دمبو			19.5319775	30.3905527		village	node/4196260421
مشو	Mushu		19.5708135	30.3700901		village	node/4196260422
البرقيق			19.5841761	30.4138635		village	node/4197000415
كرمه النزل			19.6418582	30.4080538		village	node/4197000416
كوية			19.5138837	30.3986339		village	node/4197000417
لبب شرق			18.9887551	30.481003		village	node/4214506803
ود نميري			18.9881927	30.4561966		village	node/4214506804
اقترى			20.091358	30.5779196		village	node/4218556705
سعدنكورتي			20.1469218	30.5617377		village	node/4218556706
	Village		20.3427696	36.0679895		village	node/4227797484
تومالا	Tomala		20.1530388	35.8459076		town	node/4227802242
	Hamteb		20.2955459	36.1249779		village	node/4227802689
	Hamlet		19.5944375	35.9692358		hamlet	node/4227803408
السيال	AlSayyal		15.1787683	33.1241806		village	node/4227853278
العيدج	Aidaj		15.1921133	33.1198116		village	node/4227854789
التكيلات	Tikailat		15.2006242	33.108895		village	node/4227856274
الكاملين شرق	Alkamlin East		15.0387836	33.2103792		village	node/4227897693
المغاربة	AlMagharba		15.0669232	33.2467285		village	node/4227897694
ود النور	Wad AlNour		15.0276345	33.2648173		village	node/4227897695
المتمة	AlMatama		15.0582414	33.2060877		village	node/4227905261
كفوري مربع ١١		"NA"	15.6240091	32.5676426		neighbourhood	node/4232936201
كافوري مربع ٩	kafuri block 9	كفوري مربع ٩	15.6304449	32.5677126		neighbourhood	node/4232938098
كفوري مربع ١٢			15.6267014	32.5814149		neighbourhood	node/4234699189
الكرو	El Kurru		18.410242	31.7741991		village	node/4259711558
نوري	Nuri		18.561145	31.888321		town	node/4261906833
الجزيرة إسلانج			15.8887836	32.5267396		town	node/4261971292
ود شريف	Wad Sharefay		15.3633705	36.4490365		town	node/4263510366
	Village		15.4161215	36.5796385		village	node/4266793034
	Village		15.4044047	36.5711171		village	node/4266794974
الدهيسيرة			18.3888181	31.7609496		town	node/4269170161
الزومة			18.3696729	31.7495793		town	node/4269170162
بخيت			18.2991793	31.6880966		village	node/4269170163
حزيمة			18.3348574	31.7244565		village	node/4269170164
مقاشي			18.3521879	31.7375742		village	node/4269170165
الدبيبة	Ad Dubaybah		18.4535181	31.8131464		neighbourhood	node/4270926088
القرير	Al Qurayr		18.2891054	31.7204287		town	node/4270926789
فتنة	Fitnah		18.4246152	31.806995		neighbourhood	node/4270926790
سمعريت	Samareit		18.3990386	31.7965258		neighbourhood	node/4270926791
تنقاسي الرويس	Tangasi ar Ru'ays		18.3836462	31.7913383		neighbourhood	node/4270926792
تنقاسي	Tangasi		18.3841184	31.791401		town	node/4270926793
الاراك			18.2033231	31.6113255		village	node/4272453817
الحجير			18.2427124	31.6401783		village	node/4272453818
المقل			18.2729107	31.6617121		village	node/4272453819
الباسا	Al Basa		18.1667768	31.6172097		village	node/4272601379
جواري	Gowari		18.0818251	31.53557		village	node/4272601380
كورتي	Korti		18.097374	31.564979		town	node/4272601381
اوسلي	Usli		18.2219791	31.6581899		village	node/4272601382
الاراكة			18.0884121	31.5468481		village	node/4272601757
الحلة البيضاء			18.1094491	31.5781171		neighbourhood	node/4272601758
الغريبة			18.1376734	31.5943086		village	node/4272601759
جزيرة مساوي			18.258758	31.6631877		island	node/4272601760
مساوي			18.2396318	31.6733498		village	node/4272601761
حسينارتي	Huseinarti		18.0253355	31.4151858		village	node/4272621793
الأركي	Al Arki,El Arki		18.1230731	31.5296499		village	node/4274854800
البار	Al Bar,El Bar		18.1358226	31.5476173		village	node/4274854801
البرصة	Al Barsa',Al Barşā’,El Barsa		18.141363	31.5647315		village	node/4274854802
النافعاب	An Nafab,En Nafab		18.0998588	31.5173364		village	node/4274854803
الكرفاب	El Karafab,Karafab		18.171981	31.59896		village	node/4274854804
مورة	Mura		18.0762383	31.4819873		village	node/4274854805
الركابية			18.090481	31.5014211		village	node/4274856097
السدر			18.062881	31.4600147		village	node/4274856098
جلاس			18.1261526	31.5398908		village	node/4274856099
كوري			18.0526295	31.4309503		village	node/4274856100
العفاض			17.9996151	31.1919352		village	node/4277203176
الهو			18.052396	31.378742		village	node/4277203177
ارتموقة	Artimoga		18.013148	31.2993494		village	node/4279253656
فقير ام كتي	Fagrinkotti,Fakrinkotti,Faqrinkotti		18.0309353	31.3179839		village	node/4279253657
منصوركوتي	Mansur Koti,Mansurkotti		18.0347317	31.3331097		village	node/4279253658
أمبوكول		"NA"	18.0709892	31.5215992		village	node/4279253681
ارقي	Argi		18.0834185	30.947209		village	node/4281179910
الجابرية	Gabriya		18.0990088	30.8974727		village	node/4281179911
الككر	Kakur		18.0989082	30.9174903		village	node/4281179912
الكرد	Kerat		18.0824091	30.9158917		village	node/4281179913
ابو دوم	Abu Dom		17.978306	31.1347249		village	node/4281268513
جرا	Girra Barra		18.0400555	31.0266953		village	node/4281268514
قوشابي	Goshabi		17.9947479	31.0985061		village	node/4281268515
كرمكول	Karmakol		18.0212781	30.998297		village	node/4281268516
دبة الفقراء			18.0140348	31.0104901		village	node/4281268517
بكبول	Bakabul		18.2009755	30.7632527		village	node/4283473532
بنقنارتي قبلي	Banganarti		18.170199	30.792203		village	node/4283473533
تنقسي الجزيرة	Tangasi Island,Tangussi Island		18.1430171	30.8364348		village	node/4283473534
بروس			18.1356337	30.8187329		island	node/4283473562
بنقنارتي بحري			18.1835777	30.7797948		village	node/4283473563
حمور	Hammour		18.1911452	30.7687654		village	node/4283473564
سلب			18.1397639	30.8628499		village	node/4283482450
الغابة			18.173404	30.735329		town	node/4284697254
الباجا			18.2420105	30.7177973		village	node/4285066046
امنتجو	Amantago,Amentago,Amentego,Amentogo		18.4298081	30.7119021		village	node/4285407423
عرب حاج	Arab Hag,Arab Hajj,‘Arab Hag,‘Arab Ḩājj		18.3707513	30.7153638		village	node/4285407424
القدار	Ghaddar		18.2845814	30.7273233		village	node/4285407425
كدكول	Kadakol,Kodokol		18.3518058	30.71669		village	node/4285407426
مقاوده,المقاوده	Megabda,Megauda		18.3250654	30.7127406		village	node/4285407427
ناوا	Naui,Nawi		18.4541165	30.7215681		village	node/4285407428
رومي البكري			18.4088376	30.6787375		village	node/4285407436
كنكلاب			18.3125473	30.6880703		village	node/4285407437
لتي			18.4279682	30.7364823		village	node/4285407438
فرجي	Fergi		18.4598809	30.7000734		village	node/4289878194
كومي	Komi Island		18.5014559	30.675268		island	node/4289878195
ملواد	Malwad,Mulwad		18.6433881	30.575772		village	node/4289878196
ام كرابيج	Umm Karabik		18.5497517	30.6321063		village	node/4289878197
الخندق	Al Khandaq,El Khandag,El Khandaq,Khandak,Khandaq		18.6066737	30.5658452		village	node/4295552859
دمبو	Dambo		18.5540597	30.5950937		neighbourhood	node/4295552860
سلقي	Salagi		18.5281755	30.6139005		neighbourhood	node/4295552861
جزيرة سالي	Sali Island	جزيرة سالى	18.6805475	30.5614485		island	node/4295552862
سالي	Sali		18.655134	30.554146		village	node/4295552863
شبعانه	Shabana,Shabanah,Shabānah		18.5148158	30.6285699		neighbourhood	node/4295552864
شبتوت	Shebatot		18.5834751	30.5653789		neighbourhood	node/4295552865
سورى	Sori,Suri		18.6859576	30.5477512		village	node/4295552866
اوربي	Urbi		18.7457381	30.5239857		village	node/4295552867
الصحابه	Sahaba		18.9296313	30.4551437		village	node/4296574289
شيخ شريف	Shaykh Sharif,Shaykh Sharīf,Sheikh Sherif		19.101097	30.4745638		village	node/4296574290
سورتود	Sortot		19.0519593	30.4601608		village	node/4296574291
التيتي	Taetti,Teit,Teiti,Teti,Tēti		18.8161537	30.5020354		village	node/4296574292
تمنار	Timinar		19.0213954	30.4819611		village	node/4296574293
جرتود			18.9227079	30.4743581		village	node/4296574663
لبب غرب			19.0064577	30.4571811		village	node/4296574664
ارتدي	Ertidi,Irtidi		19.1485528	30.4723045		village	node/4296944361
الخناق	Khana,Khanag,Khannag		19.1341022	30.4743742		village	node/4296944362
جراده	Garada,Qarada		19.2617648	30.4470728		village	node/4297011163
غرب بن	Gharb Benna,Gharb Binna		19.4433667	30.4172321		village	node/4297011164
مراغه	Maragha		19.2112852	30.4717661		village	node/4297011165
الزورات			19.3353065	30.4315528		village	node/4297011475
كابتود			19.2267454	30.4525794		village	node/4297011476
اقدي	Agada		19.2791275	30.4772692		village	node/4298042887
الترعه	At Tur`ah,At Tur‘ah,Et Tur`a,Et Tur‘a		19.3192277	30.4603274		village	node/4298042888
دار العوضه	Dar al `Awada,Dar el `Awada,Dar el ‘Awada,Dār al ‘Awada		19.498677699999998	30.4559548		village	node/4298043989
قرنتى	Gronti		19.4902492	30.4341114		village	node/4298043990
حامد نارتي	Hamednarti		19.3665336	30.4824097		village	node/4298043991
الهمك	Hamok		19.3353183	30.4825508		village	node/4298043992
السليم	Seleim,Sulaym		19.1928441	30.5141933		town	node/4298043993
جزيرة بنا			19.4283108	30.4311493		island	node/4298043994
موسنارتي			19.4582079	30.4327166		island	node/4298043995
الدوم			19.3412169	30.4941131		village	node/4298124394
السير			19.3381798	30.4733413		village	node/4298124395
ايماني			19.32399	30.4896269		village	node/4298124396
مجرب			19.3199414	30.4772927		village	node/4298124397
اكد	Akkad		19.6741795	30.3642093		village	node/4298864688
سروج	Koban and Sorog		19.650673	30.3604507		village	node/4298865389
دقرتي	Dagarti		19.6871225	30.3734362		island	node/4298968214
ناب	Nab Island		19.7988707	30.3211189		island	node/4298968215
سميت	Simit Island,Sinat Island		19.7766364	30.3435931		island	node/4298968216
هنك			19.7217077	30.3630174		village	node/4298968217
جزيرة آرتمري			20.0722513	30.569646		village	node/4306748560
قرقود شمال			20.1812328	30.5462002		village	node/4306748561
عكاشة	Akasha,`Akashah,‘Akāshah		21.075457	30.7060505		village	node/4307686544
شلال دال	Dal Cataract		21.0159107	30.5827246		locality	node/4307686545
دال	Dal		20.983085	30.5667466		village	node/4307686546
فريق	Ferka East		20.902662	30.5786263		village	node/4307686547
جزيرة فريق	Ferkinarti Island		20.9012858	30.5714719		island	node/4307686548
ارقين			21.9964649	31.2913826		village	node/4308098635
ابو دليق	Abu Delelq	أبو دليق	15.8990206	33.8087818		city	node/4309767703
حلة كوكو			15.6191394	32.5916895		neighbourhood	node/4330833092
القلابات	Gallabat		12.959376	36.149717		town	node/4339052110
دوكة	Doka		13.5234391	35.7606861		town	node/4339061649
شبشة	Shabasha,Shabashah		14.1313712	32.2296602	16660	town	node/4343078091
باو	Bau,Baw,Bāw,Darfung,Wisho,Wisko		11.3351416	34.0650315		village	node/4346558397
ود أبوك	Wad Abok		11.3694072	33.6393984		village	node/4346594926
دنقناب			21.1136256	37.2543174		island	node/4356275965
عزازة	Al `Azaza,Al ‘Azāza		12.9629528	34.6404618		town	node/4357440937
نورالجليل	Nur Aj Jalil,Nur al Jalil,Nur el Galil,Nūr Aj Jalīl,Nūr al Jalīl		12.9512621	34.6099826		village	node/4357440938
أم عقرب	Um `Aqrab,Um ‘Aqrab	ام عقرب	12.9572846	34.6306034		neighbourhood	node/4357440939
أم دافوق	Um Dafuq		10.4644562	23.2983173		village	node/4415168339
أم دافوق	Um Dafuq		10.4710955	23.305641		village	node/4415168340
	Belatuma		9.9602263	34.0015034		village	node/4508059032
	Katla	"NA"	11.7619586	29.3159172		village	node/4518855369
	Julud		11.7048732	29.4927428		village	node/4520580038
	Mesheitir		9.8321796	24.6800208		hamlet	node/4560940856
	Umm Dul		10.916506	24.6349659		village	node/4560954368
	Wad al Hulaywah		14.2264489	36.0376494		town	node/4585865965
الشبيراب الخوالدة			14.3613906	33.1539459		town	node/4663238347
قرية النويلة			14.4005191	33.112661		village	node/4663320484
شرفت فلاتة			14.392618	33.1470911		village	node/4663329936
شرفت الخوالدة			14.3973133	33.1549496		village	node/4663334506
ودرعية			14.4124254	33.1652641		village	node/4663343336
زنقاحة			14.4055879	33.2121706		village	node/4663343337
ود الجمل			14.3825329	33.2297409		village	node/4663343338
ودربيعة			14.3333716	33.2517839		village	node/4663343339
الجبلية			14.3339918	33.216895		village	node/4663343340
ابراهيم عبد الله			14.3068344	33.2017165		village	node/4663343341
الحجاجاب			14.3154266	33.1900514		village	node/4663343342
حلة حمد			14.3475179	33.1914295		village	node/4663343343
الشبيك			14.4419877	33.1176905	1000	village	node/4671934718
الفريجاب حلة الشيخ			14.575317	33.0083267		village	node/4671953413
ام دوانة			14.5418864	33.0698147		village	node/4671954799
ام مليحة			14.5122841	33.0698785		village	node/4671966915
سودري	Sawdiri		14.4122976	29.1026158		town	node/4676946085
	Famaka	"NA"	11.3242283	34.7374236		town	node/4776976166
	Simiat		13.8018777	24.878772		village	node/4970303776
	Sherifa		14.1451412	24.5352293		village	node/4970784522
	Fanga		14.3153009	24.2231825		locality	node/4970784575
	Dereisa		14.4008608	24.1807832		village	node/4970784693
	Irgie		14.3872448	24.1956565		village	node/4970784709
	Sangir	"NA"	14.4007939	24.2124968		village	node/4970784710
	Funu	"NA"	14.367558	24.1935762		village	node/4970784711
	Monguri	"NA"	14.3571105	24.225828		village	node/4970785263
	Farmale		14.1322599	24.3926572		village	node/4984409728
	Tarma		14.1083363	24.3446455		village	node/4984409775
	Mistariha		14.2274766	24.4109157		village	node/5041260839
	Gangara		14.234797	24.2698922		village	node/5041261119
	Abarra		14.1073941	24.464691		village	node/5041289241
	Damrat Dowa		14.0546436	24.4948106		village	node/5041289367
حي المطار	Ed Hussien		15.5873971	32.5332963		suburb	node/5052304673
	Kaguro		13.450959	24.3972471		village	node/5072495053
مدينة قلي	Guli Town		13.5104833	32.5983024		town	node/5170992333
	Tajalei		9.6702122	28.586179		village	node/5183790884
	Akur		9.3743041	28.4813744		village	node/5183790885
الثورة الحارة ٦٠			15.7095757	32.4842894		neighbourhood	node/5189087259
	Bala Ferash	"NA"	14.4552249	24.3872349		village	node/5201539338
	Madi		14.4780228	24.404474		hamlet	node/5201539388
	Tundaro		14.5223517	24.4225606		village	node/5201539393
	Tomat		14.4779802	24.3976075		hamlet	node/5201539409
	Fagus Abri		14.4851697	24.4115764		village	node/5201539603
حي الهدى			15.6346162	32.5326571		neighbourhood	node/5240141203
ابو زعيمة			14.5788279	28.3950019		town	node/5268002984
	Hassanein plateau	"NA"	21.9100821	25.0587844		locality	node/5302064443
السيالة القديمة			17.7117525	33.9724452		neighbourhood	node/5343190207
بري اللاماب	Burri Allamab		15.6007404	32.5741575		neighbourhood	node/5349507496
أم جخخين			13.5350573	22.7180708		village	node/5397275613
	Al Fao		14.1075532	34.091813		town	node/5434620573
	Irmi		14.4685072	24.4116536		village	node/5466888453
	Nowra		14.4716157	24.3857187		village	node/5466888454
	Sendo		14.4916529	24.4275484		village	node/5467273547
	Sira		14.4671471	24.4714236		village	node/5467452747
قرية الرشايده الحفاير			15.2184302	36.1757524		village	node/5643982723
قرية الرشايده ام لويه			15.2561919	36.2143524		village	node/5699709410
قرية كبري البطانه			15.0645569	35.9766693		hamlet	node/5718160865
كارثاغو			18.7612982	37.0086427		village	node/5725564984
كرشي	Karishī	Karischi	9.0903425	24.388144		village	node/5744363941
